doc_id,label,pos_bigram,count
0,1,ADJ_NOUN,19
0,1,DET_NOUN,14
0,1,VERB_DET,13
0,1,NOUN_PRON,11
0,1,VERB_ADJ,10
1,0,DET_NOUN,33
1,0,ADJ_NOUN,26
1,0,VERB_ADP,25
1,0,ADP_DET,20
1,0,NOUN_ADP,19
2,1,PART_VERB,20
2,1,ADJ_NOUN,13
2,1,PRON_NOUN,13
2,1,VERB_PRON,11
2,1,VERB_SCONJ,10
3,1,ADJ_NOUN,37
3,1,NOUN_ADP,25
3,1,VERB_NOUN,21
3,1,NOUN_NOUN,20
3,1,NOUN_VERB,19
4,1,DET_NOUN,19
4,1,NOUN_ADP,17
4,1,ADP_NOUN,16
4,1,ADJ_NOUN,14
4,1,NOUN_CCONJ,13
5,0,NOUN_ADP,48
5,0,DET_NOUN,38
5,0,NOUN_NOUN,32
5,0,ADP_NOUN,32
5,0,ADJ_NOUN,23
6,1,ADJ_NOUN,12
6,1,NOUN_AUX,10
6,1,DET_NOUN,8
6,1,NOUN_VERB,7
6,1,VERB_NOUN,6
7,1,ADJ_NOUN,13
7,1,NOUN_ADP,8
7,1,NOUN_AUX,7
7,1,ADP_NOUN,7
7,1,VERB_ADP,6
8,1,ADJ_NOUN,11
8,1,NOUN_ADP,9
8,1,DET_ADJ,6
8,1,ADP_DET,5
8,1,VERB_NOUN,4
9,1,ADJ_NOUN,25
9,1,NOUN_ADP,19
9,1,ADP_NOUN,18
9,1,DET_NOUN,15
9,1,VERB_ADP,14
10,0,DET_NOUN,25
10,0,PRON_VERB,18
10,0,NOUN_PRON,14
10,0,NOUN_ADP,14
10,0,ADJ_NOUN,13
11,0,NOUN_ADP,13
11,0,PRON_VERB,10
11,0,DET_NOUN,10
11,0,ADJ_NOUN,9
11,0,ADP_NOUN,9
12,0,DET_NOUN,27
12,0,VERB_DET,20
12,0,PRON_VERB,19
12,0,ADJ_NOUN,17
12,0,NOUN_AUX,14
13,0,ADJ_NOUN,32
13,0,NOUN_NOUN,28
13,0,NOUN_AUX,21
13,0,NOUN_CCONJ,18
13,0,VERB_NOUN,16
14,1,DET_NOUN,12
14,1,PRON_AUX,12
14,1,ADJ_NOUN,11
14,1,NOUN_ADP,11
14,1,NOUN_AUX,10
15,1,ADJ_NOUN,24
15,1,NOUN_NOUN,17
15,1,VERB_ADP,15
15,1,PRON_VERB,14
15,1,ADP_NOUN,14
16,0,DET_NOUN,91
16,0,NOUN_ADP,62
16,0,ADP_DET,55
16,0,ADJ_NOUN,50
16,0,DET_ADJ,35
17,0,DET_NOUN,54
17,0,ADP_DET,33
17,0,NOUN_ADP,27
17,0,NOUN_VERB,20
17,0,ADJ_NOUN,19
18,0,DET_NOUN,20
18,0,ADJ_NOUN,14
18,0,PRON_VERB,13
18,0,NOUN_AUX,12
18,0,PRON_AUX,11
19,1,NOUN_ADP,10
19,1,DET_NOUN,8
19,1,ADP_NOUN,8
19,1,ADJ_NOUN,6
19,1,NOUN_CCONJ,6
20,0,VERB_PRON,43
20,0,PRON_VERB,30
20,0,ADJ_NOUN,25
20,0,PRON_AUX,23
20,0,AUX_VERB,18
21,0,NOUN_ADP,22
21,0,DET_NOUN,17
21,0,ADJ_NOUN,17
21,0,ADP_NOUN,17
21,0,VERB_ADP,14
22,0,ADJ_NOUN,48
22,0,DET_ADJ,30
22,0,PRON_VERB,28
22,0,NOUN_ADP,23
22,0,PRON_AUX,22
23,1,NOUN_ADP,25
23,1,ADP_NOUN,23
23,1,NOUN_NOUN,21
23,1,ADJ_NOUN,20
23,1,ADP_DET,13
24,0,NOUN_ADP,37
24,0,DET_NOUN,36
24,0,ADP_DET,26
24,0,ADJ_NOUN,24
24,0,VERB_ADP,23
25,1,ADP_NOUN,10
25,1,AUX_PART,8
25,1,NOUN_AUX,6
25,1,NOUN_ADP,6
25,1,VERB_ADP,5
26,0,ADJ_NOUN,37
26,0,NOUN_ADP,34
26,0,NOUN_NOUN,20
26,0,ADP_NOUN,16
26,0,NOUN_AUX,13
27,0,ADJ_NOUN,20
27,0,DET_NOUN,19
27,0,DET_ADJ,18
27,0,NOUN_ADP,14
27,0,VERB_DET,12
28,0,DET_NOUN,43
28,0,NOUN_ADP,22
28,0,ADJ_NOUN,22
28,0,ADP_DET,20
28,0,DET_ADJ,18
29,0,VERB_ADP,41
29,0,ADP_DET,31
29,0,DET_NOUN,31
29,0,ADJ_NOUN,28
29,0,NOUN_PRON,28
30,0,DET_NOUN,29
30,0,PRON_VERB,19
30,0,NOUN_CCONJ,18
30,0,ADJ_NOUN,18
30,0,NOUN_AUX,18
31,1,NOUN_ADP,37
31,1,ADJ_NOUN,33
31,1,DET_NOUN,32
31,1,ADP_DET,19
31,1,VERB_NOUN,19
32,1,ADJ_NOUN,26
32,1,NOUN_ADP,24
32,1,VERB_NOUN,20
32,1,NOUN_CCONJ,15
32,1,ADP_NOUN,13
33,1,NOUN_ADP,16
33,1,ADP_PRON,13
33,1,ADJ_NOUN,11
33,1,PRON_AUX,10
33,1,VERB_PRON,9
34,1,NOUN_ADP,44
34,1,ADJ_NOUN,40
34,1,NOUN_NOUN,34
34,1,DET_NOUN,27
34,1,ADP_NOUN,20
35,1,ADJ_NOUN,34
35,1,NOUN_ADP,26
35,1,ADP_NOUN,17
35,1,VERB_ADP,16
35,1,ADP_ADJ,14
36,0,DET_NOUN,19
36,0,NOUN_ADP,14
36,0,NOUN_NOUN,11
36,0,ADP_NOUN,11
36,0,VERB_SCONJ,11
37,0,DET_NOUN,13
37,0,VERB_NOUN,10
37,0,PRON_VERB,8
37,0,ADJ_NOUN,8
37,0,NOUN_VERB,8
38,0,ADJ_NOUN,46
38,0,DET_ADJ,31
38,0,VERB_DET,23
38,0,AUX_VERB,17
38,0,NOUN_ADP,16
39,1,NOUN_ADP,22
39,1,ADP_NOUN,16
39,1,ADJ_NOUN,14
39,1,VERB_NOUN,12
39,1,VERB_ADV,12
40,0,ADJ_NOUN,22
40,0,PRON_VERB,15
40,0,NOUN_ADP,14
40,0,VERB_ADP,13
40,0,ADP_NOUN,12
41,0,DET_NOUN,20
41,0,PRON_AUX,17
41,0,ADJ_NOUN,16
41,0,DET_ADJ,13
41,0,NOUN_AUX,12
42,0,DET_NOUN,100
42,0,ADJ_NOUN,59
42,0,PART_VERB,59
42,0,VERB_DET,49
42,0,NOUN_AUX,46
43,1,PRON_AUX,20
43,1,PRON_VERB,17
43,1,NOUN_PRON,17
43,1,NOUN_NOUN,14
43,1,VERB_PRON,13
44,1,NOUN_ADP,31
44,1,VERB_NOUN,25
44,1,ADP_NOUN,21
44,1,AUX_ADV,18
44,1,DET_NOUN,18
45,1,ADJ_NOUN,46
45,1,NOUN_ADP,34
45,1,NOUN_NOUN,32
45,1,DET_NOUN,21
45,1,VERB_ADP,20
46,1,ADJ_NOUN,11
46,1,VERB_DET,11
46,1,NOUN_CCONJ,10
46,1,DET_ADJ,10
46,1,NOUN_ADP,9
47,0,DET_NOUN,21
47,0,NOUN_ADP,21
47,0,PRON_VERB,16
47,0,PRON_AUX,16
47,0,ADJ_NOUN,14
48,0,DET_NOUN,25
48,0,PRON_VERB,16
48,0,NOUN_ADP,15
48,0,ADJ_NOUN,13
48,0,NOUN_PRON,11
49,0,DET_NOUN,27
49,0,ADJ_NOUN,23
49,0,PART_VERB,23
49,0,PRON_VERB,22
49,0,PRON_AUX,22
50,0,DET_NOUN,51
50,0,PART_VERB,41
50,0,PRON_AUX,26
50,0,ADP_DET,25
50,0,NOUN_NOUN,23
51,0,NOUN_ADP,14
51,0,DET_NOUN,13
51,0,ADJ_NOUN,12
51,0,ADP_NOUN,11
51,0,ADP_DET,8
52,0,DET_NOUN,41
52,0,PART_VERB,23
52,0,PRON_AUX,19
52,0,VERB_DET,18
52,0,PRON_VERB,18
53,1,DET_NOUN,25
53,1,ADP_DET,15
53,1,NOUN_CCONJ,14
53,1,ADJ_NOUN,13
53,1,NOUN_ADP,12
54,0,ADJ_NOUN,19
54,0,VERB_PRON,14
54,0,DET_NOUN,13
54,0,AUX_VERB,11
54,0,PART_VERB,11
55,0,DET_NOUN,28
55,0,ADJ_NOUN,23
55,0,PRON_AUX,21
55,0,DET_ADJ,20
55,0,NOUN_ADP,16
56,0,ADJ_NOUN,53
56,0,PRON_VERB,32
56,0,NOUN_ADP,27
56,0,DET_NOUN,27
56,0,DET_ADJ,23
57,1,ADJ_NOUN,31
57,1,NOUN_ADP,22
57,1,ADP_NOUN,14
57,1,ADP_ADJ,12
57,1,NOUN_VERB,12
58,1,NOUN_ADP,15
58,1,DET_NOUN,14
58,1,ADP_NOUN,13
58,1,AUX_ADV,12
58,1,NOUN_AUX,9
59,0,NOUN_ADP,35
59,0,ADJ_NOUN,33
59,0,DET_NOUN,30
59,0,ADP_DET,21
59,0,AUX_VERB,20
60,0,DET_NOUN,32
60,0,NOUN_ADP,24
60,0,ADP_DET,22
60,0,ADJ_NOUN,15
60,0,ADP_NOUN,12
61,0,NOUN_ADP,29
61,0,NOUN_NOUN,29
61,0,DET_NOUN,24
61,0,ADJ_NOUN,22
61,0,PRON_VERB,18
62,0,ADJ_NOUN,38
62,0,PART_VERB,29
62,0,NOUN_ADP,25
62,0,NOUN_VERB,23
62,0,NOUN_CCONJ,23
63,1,NOUN_ADP,20
63,1,ADJ_NOUN,17
63,1,DET_NOUN,16
63,1,ADP_NOUN,13
63,1,PRON_AUX,10
64,0,DET_NOUN,13
64,0,ADJ_NOUN,10
64,0,ADP_DET,10
64,0,NOUN_ADP,9
64,0,NOUN_NOUN,9
65,0,ADJ_NOUN,45
65,0,DET_NOUN,44
65,0,NOUN_ADP,38
65,0,VERB_ADP,28
65,0,PRON_AUX,27
66,1,NOUN_ADP,33
66,1,DET_NOUN,31
66,1,ADP_NOUN,23
66,1,VERB_NOUN,21
66,1,VERB_DET,21
67,0,DET_NOUN,30
67,0,NOUN_ADP,26
67,0,NOUN_CCONJ,24
67,0,ADP_NOUN,22
67,0,PART_VERB,18
68,1,ADJ_NOUN,35
68,1,NOUN_NOUN,29
68,1,NOUN_VERB,27
68,1,VERB_NOUN,17
68,1,VERB_ADJ,17
69,0,NOUN_ADP,37
69,0,ADJ_NOUN,36
69,0,DET_NOUN,35
69,0,NOUN_NOUN,31
69,0,VERB_DET,22
70,0,DET_NOUN,42
70,0,NOUN_ADP,31
70,0,VERB_ADP,27
70,0,ADJ_NOUN,25
70,0,ADP_DET,24
71,0,ADJ_NOUN,36
71,0,DET_NOUN,29
71,0,NOUN_ADP,25
71,0,ADP_DET,23
71,0,NOUN_AUX,19
72,0,DET_NOUN,24
72,0,NOUN_AUX,15
72,0,ADJ_NOUN,14
72,0,PROPN_PROPN,14
72,0,NOUN_ADP,12
73,1,NOUN_ADP,26
73,1,ADJ_NOUN,22
73,1,ADP_NOUN,17
73,1,DET_NOUN,16
73,1,NOUN_VERB,16
74,1,ADJ_NOUN,15
74,1,NOUN_ADP,10
74,1,NOUN_CCONJ,10
74,1,DET_NOUN,9
74,1,CCONJ_NOUN,9
75,1,ADJ_NOUN,37
75,1,NOUN_ADP,24
75,1,NOUN_NOUN,16
75,1,ADP_NOUN,13
75,1,ADP_ADJ,12
76,1,ADJ_NOUN,21
76,1,NOUN_AUX,11
76,1,DET_ADJ,11
76,1,VERB_DET,9
76,1,VERB_ADP,8
77,0,NOUN_ADP,22
77,0,DET_NOUN,19
77,0,ADP_NOUN,14
77,0,PRON_AUX,13
77,0,VERB_ADP,12
78,0,ADJ_NOUN,37
78,0,PRON_AUX,26
78,0,DET_ADJ,26
78,0,DET_NOUN,26
78,0,PRON_VERB,26
79,0,NOUN_AUX,14
79,0,DET_NOUN,13
79,0,AUX_VERB,9
79,0,AUX_ADJ,8
79,0,PART_VERB,8
80,1,ADJ_NOUN,61
80,1,NOUN_ADP,59
80,1,DET_NOUN,43
80,1,ADP_DET,35
80,1,DET_ADJ,34
81,1,ADJ_NOUN,16
81,1,DET_NOUN,14
81,1,PART_VERB,12
81,1,NOUN_PRON,11
81,1,VERB_DET,9
82,1,NOUN_ADP,9
82,1,DET_NOUN,9
82,1,ADP_DET,8
82,1,ADJ_NOUN,8
82,1,NOUN_VERB,5
83,0,NOUN_ADP,12
83,0,DET_NOUN,8
83,0,PRON_AUX,8
83,0,SCONJ_PRON,7
83,0,ADP_NOUN,7
84,1,NOUN_ADP,24
84,1,ADJ_NOUN,22
84,1,DET_NOUN,18
84,1,NOUN_VERB,17
84,1,ADP_NOUN,16
85,0,DET_NOUN,23
85,0,ADJ_NOUN,14
85,0,PRON_AUX,14
85,0,AUX_VERB,13
85,0,NOUN_AUX,12
86,0,ADJ_NOUN,20
86,0,PRON_AUX,20
86,0,DET_NOUN,18
86,0,VERB_ADP,15
86,0,NOUN_ADP,14
87,0,DET_NOUN,40
87,0,NOUN_ADP,29
87,0,ADP_NOUN,27
87,0,NOUN_AUX,14
87,0,PRON_AUX,14
88,1,NOUN_ADP,32
88,1,ADJ_NOUN,28
88,1,DET_NOUN,25
88,1,ADP_NOUN,18
88,1,ADP_ADJ,15
89,0,DET_NOUN,21
89,0,AUX_VERB,20
89,0,VERB_ADP,18
89,0,ADJ_NOUN,17
89,0,NOUN_AUX,17
90,0,DET_NOUN,35
90,0,PRON_VERB,27
90,0,VERB_DET,25
90,0,PRON_AUX,21
90,0,ADJ_NOUN,21
91,0,DET_NOUN,23
91,0,NOUN_ADP,22
91,0,ADP_DET,15
91,0,ADJ_NOUN,14
91,0,NOUN_NOUN,14
92,0,DET_NOUN,19
92,0,NOUN_ADP,12
92,0,ADP_NOUN,12
92,0,PART_VERB,12
92,0,NOUN_CCONJ,10
93,0,ADJ_NOUN,17
93,0,DET_NOUN,16
93,0,DET_ADJ,15
93,0,NOUN_NOUN,13
93,0,NOUN_ADP,12
94,1,ADJ_NOUN,14
94,1,NOUN_ADP,14
94,1,ADP_NOUN,8
94,1,NOUN_NOUN,7
94,1,PART_VERB,7
95,0,ADJ_NOUN,22
95,0,DET_NOUN,21
95,0,ADP_DET,15
95,0,NOUN_AUX,15
95,0,PART_VERB,14
96,0,DET_NOUN,32
96,0,NOUN_NOUN,29
96,0,ADJ_NOUN,23
96,0,NOUN_ADP,21
96,0,PART_VERB,21
97,1,DET_NOUN,19
97,1,ADJ_NOUN,17
97,1,NOUN_ADP,16
97,1,ADP_DET,12
97,1,NOUN_AUX,11
98,0,DET_NOUN,41
98,0,NOUN_ADP,28
98,0,PRON_AUX,24
98,0,ADP_DET,22
98,0,AUX_VERB,18
99,0,PRON_VERB,23
99,0,PRON_AUX,17
99,0,ADJ_NOUN,16
99,0,DET_NOUN,16
99,0,PRON_PRON,15
100,0,DET_NOUN,35
100,0,NOUN_ADP,23
100,0,ADJ_NOUN,22
100,0,VERB_DET,21
100,0,NOUN_NOUN,18
101,1,NOUN_ADP,13
101,1,PRON_AUX,7
101,1,AUX_VERB,7
101,1,DET_NOUN,7
101,1,ADP_DET,7
102,1,NOUN_ADP,28
102,1,ADP_NOUN,23
102,1,NOUN_NOUN,20
102,1,ADJ_NOUN,20
102,1,NOUN_AUX,12
103,1,ADJ_NOUN,36
103,1,DET_ADJ,18
103,1,NOUN_ADP,17
103,1,DET_NOUN,16
103,1,AUX_VERB,13
104,1,NOUN_ADP,28
104,1,ADJ_NOUN,26
104,1,ADP_NOUN,22
104,1,VERB_ADP,16
104,1,NOUN_NOUN,15
105,0,DET_NOUN,12
105,0,PRON_VERB,11
105,0,NOUN_NOUN,9
105,0,VERB_DET,8
105,0,SCONJ_PRON,8
106,0,NOUN_ADP,29
106,0,ADJ_NOUN,28
106,0,DET_NOUN,26
106,0,NOUN_NOUN,21
106,0,ADP_DET,17
107,1,ADP_DET,6
107,1,PRON_AUX,6
107,1,DET_NOUN,4
107,1,AUX_VERB,4
107,1,ADJ_NOUN,3
108,1,ADJ_NOUN,20
108,1,NOUN_ADP,19
108,1,ADP_NOUN,12
108,1,DET_NOUN,10
108,1,NOUN_CCONJ,7
109,0,DET_NOUN,35
109,0,PART_VERB,33
109,0,ADJ_NOUN,32
109,0,PRON_AUX,32
109,0,VERB_ADP,27
110,1,NOUN_ADP,12
110,1,DET_NOUN,11
110,1,ADJ_NOUN,10
110,1,ADP_DET,8
110,1,NOUN_AUX,7
111,1,PRON_VERB,7
111,1,DET_NOUN,6
111,1,AUX_PRON,5
111,1,NOUN_NOUN,5
111,1,PRON_AUX,5
112,0,ADJ_NOUN,25
112,0,NOUN_ADP,18
112,0,DET_NOUN,18
112,0,DET_ADJ,17
112,0,NOUN_AUX,14
113,0,DET_NOUN,30
113,0,AUX_VERB,20
113,0,ADP_DET,18
113,0,ADJ_NOUN,16
113,0,NOUN_AUX,16
114,1,ADJ_NOUN,38
114,1,NOUN_ADP,34
114,1,DET_NOUN,30
114,1,ADP_DET,28
114,1,DET_ADJ,26
115,0,DET_NOUN,28
115,0,ADJ_NOUN,20
115,0,NOUN_ADP,18
115,0,VERB_ADP,16
115,0,ADP_DET,16
116,0,DET_NOUN,36
116,0,NOUN_ADP,30
116,0,ADJ_NOUN,29
116,0,NOUN_NOUN,22
116,0,ADP_NOUN,18
117,0,AUX_VERB,27
117,0,NOUN_AUX,25
117,0,DET_NOUN,22
117,0,ADJ_NOUN,22
117,0,PRON_AUX,16
118,0,DET_NOUN,32
118,0,PRON_VERB,21
118,0,AUX_VERB,20
118,0,NOUN_AUX,18
118,0,VERB_PRON,15
119,1,ADJ_NOUN,15
119,1,NOUN_ADP,14
119,1,AUX_VERB,8
119,1,VERB_NOUN,8
119,1,NOUN_NOUN,7
120,1,ADJ_NOUN,34
120,1,NOUN_ADP,33
120,1,NOUN_NOUN,29
120,1,ADP_NOUN,18
120,1,NOUN_VERB,13
121,0,DET_NOUN,53
121,0,NOUN_ADP,41
121,0,ADJ_NOUN,31
121,0,NOUN_NOUN,29
121,0,ADP_NOUN,29
122,0,ADJ_NOUN,18
122,0,PART_VERB,17
122,0,PRON_AUX,17
122,0,AUX_VERB,14
122,0,VERB_DET,13
123,1,ADJ_NOUN,21
123,1,PRON_VERB,17
123,1,NOUN_ADP,15
123,1,NOUN_NOUN,14
123,1,ADV_ADJ,12
124,1,ADJ_NOUN,30
124,1,NOUN_ADP,30
124,1,NOUN_VERB,21
124,1,NOUN_NOUN,21
124,1,ADP_NOUN,16
125,1,NOUN_NOUN,37
125,1,ADJ_NOUN,29
125,1,NOUN_ADP,23
125,1,ADP_NOUN,20
125,1,ADP_ADJ,14
126,0,ADJ_NOUN,39
126,0,PRON_VERB,21
126,0,NOUN_ADP,20
126,0,PRON_AUX,19
126,0,PART_VERB,19
127,0,PRON_AUX,23
127,0,DET_NOUN,20
127,0,VERB_PRON,18
127,0,PRON_VERB,17
127,0,PART_VERB,13
128,1,ADJ_NOUN,28
128,1,NOUN_ADP,25
128,1,NOUN_VERB,18
128,1,ADP_NOUN,17
128,1,VERB_ADP,16
129,0,NOUN_ADP,24
129,0,DET_NOUN,21
129,0,NOUN_NOUN,19
129,0,AUX_VERB,19
129,0,ADP_NOUN,19
130,1,ADP_NOUN,34
130,1,PART_VERB,28
130,1,NOUN_ADP,27
130,1,DET_NOUN,17
130,1,ADJ_NOUN,16
131,1,DET_NOUN,31
131,1,NOUN_NOUN,30
131,1,NOUN_ADP,30
131,1,ADJ_NOUN,22
131,1,ADP_NOUN,18
132,1,NOUN_ADP,31
132,1,ADJ_NOUN,30
132,1,ADP_NOUN,18
132,1,NOUN_NOUN,18
132,1,ADP_ADJ,13
133,0,NOUN_ADP,22
133,0,DET_NOUN,19
133,0,ADP_DET,17
133,0,ADJ_NOUN,16
133,0,VERB_DET,14
134,0,PRON_AUX,42
134,0,DET_NOUN,23
134,0,ADJ_NOUN,22
134,0,SCONJ_PRON,20
134,0,NOUN_PRON,17
135,0,NOUN_ADP,35
135,0,DET_NOUN,34
135,0,ADJ_NOUN,25
135,0,ADP_NOUN,23
135,0,ADP_DET,20
136,1,ADJ_NOUN,36
136,1,NOUN_ADP,26
136,1,VERB_ADJ,18
136,1,ADP_NOUN,18
136,1,NOUN_NOUN,17
137,0,ADJ_NOUN,49
137,0,DET_NOUN,48
137,0,NOUN_ADP,41
137,0,ADP_DET,33
137,0,DET_ADJ,29
138,1,NOUN_ADP,56
138,1,ADJ_NOUN,51
138,1,DET_NOUN,44
138,1,ADP_DET,39
138,1,NOUN_NOUN,32
139,1,ADJ_NOUN,22
139,1,NOUN_ADP,15
139,1,PRON_VERB,8
139,1,DET_NOUN,8
139,1,ADP_PRON,8
140,1,ADJ_NOUN,9
140,1,PRON_VERB,7
140,1,VERB_PRON,7
140,1,ADP_PRON,7
140,1,VERB_NOUN,6
141,0,ADJ_NOUN,40
141,0,PRON_VERB,39
141,0,DET_NOUN,34
141,0,PRON_AUX,30
141,0,VERB_PRON,29
142,1,DET_NOUN,13
142,1,NOUN_ADP,13
142,1,ADJ_NOUN,12
142,1,VERB_DET,10
142,1,PART_VERB,7
143,0,DET_NOUN,35
143,0,NOUN_AUX,26
143,0,ADJ_NOUN,24
143,0,VERB_ADP,22
143,0,NOUN_ADP,21
144,0,PRON_VERB,31
144,0,VERB_PRON,21
144,0,DET_NOUN,19
144,0,SCONJ_PRON,19
144,0,NOUN_ADP,17
145,0,ADJ_NOUN,43
145,0,PRON_AUX,29
145,0,VERB_PRON,28
145,0,PRON_VERB,26
145,0,PART_VERB,24
146,1,NOUN_ADP,40
146,1,ADJ_NOUN,38
146,1,DET_NOUN,31
146,1,ADP_DET,28
146,1,VERB_DET,23
147,1,NOUN_NUM,36
147,1,NUM_VERB,26
147,1,VERB_NOUN,18
147,1,VERB_ADP,15
147,1,ADJ_NOUN,14
148,1,NOUN_ADP,28
148,1,DET_NOUN,21
148,1,ADP_NOUN,17
148,1,ADJ_NOUN,15
148,1,NOUN_AUX,9
149,0,DET_NOUN,52
149,0,ADJ_NOUN,29
149,0,ADP_DET,28
149,0,NOUN_AUX,24
149,0,NOUN_ADP,23
150,1,ADJ_NOUN,32
150,1,NOUN_ADP,28
150,1,ADP_NOUN,16
150,1,NOUN_NOUN,14
150,1,ADP_ADJ,12
151,0,DET_NOUN,29
151,0,NOUN_ADP,16
151,0,PRON_VERB,13
151,0,NOUN_NOUN,11
151,0,ADP_DET,10
152,0,DET_NOUN,25
152,0,NOUN_ADP,24
152,0,PRON_VERB,18
152,0,ADJ_NOUN,15
152,0,VERB_DET,13
153,0,DET_NOUN,28
153,0,ADJ_NOUN,26
153,0,NOUN_ADP,23
153,0,PART_VERB,19
153,0,NOUN_NOUN,19
154,0,NOUN_NOUN,31
154,0,DET_NOUN,28
154,0,NOUN_ADP,22
154,0,VERB_NOUN,16
154,0,NOUN_VERB,16
155,1,ADJ_NOUN,18
155,1,NOUN_ADP,15
155,1,ADP_NOUN,13
155,1,PART_VERB,13
155,1,PRON_AUX,13
156,1,ADJ_NOUN,32
156,1,NOUN_ADP,23
156,1,NOUN_NOUN,22
156,1,ADP_ADJ,18
156,1,NOUN_VERB,18
157,1,NOUN_ADP,46
157,1,NOUN_NOUN,46
157,1,ADJ_NOUN,43
157,1,DET_NOUN,24
157,1,VERB_DET,22
158,1,NOUN_ADP,20
158,1,ADJ_NOUN,19
158,1,PRON_AUX,13
158,1,DET_NOUN,11
158,1,VERB_ADP,11
159,1,NOUN_ADP,25
159,1,ADJ_NOUN,22
159,1,ADP_NOUN,18
159,1,DET_NOUN,12
159,1,ADP_ADJ,12
160,1,ADJ_NOUN,12
160,1,NOUN_ADP,12
160,1,NOUN_AUX,11
160,1,ADP_NOUN,10
160,1,AUX_VERB,9
161,0,DET_NOUN,17
161,0,ADJ_NOUN,16
161,0,NOUN_ADP,12
161,0,ADP_DET,12
161,0,DET_ADJ,9
162,0,DET_NOUN,48
162,0,NOUN_ADP,27
162,0,PRON_VERB,23
162,0,PRON_AUX,21
162,0,VERB_DET,20
163,0,AUX_VERB,20
163,0,PRON_AUX,17
163,0,VERB_PRON,15
163,0,PRON_VERB,15
163,0,ADJ_NOUN,15
164,0,NOUN_ADP,20
164,0,DET_NOUN,17
164,0,ADP_DET,14
164,0,ADJ_NOUN,13
164,0,DET_ADJ,12
165,1,NOUN_NOUN,39
165,1,NOUN_ADP,35
165,1,ADJ_NOUN,29
165,1,VERB_NOUN,28
165,1,NOUN_CCONJ,19
166,1,DET_NOUN,9
166,1,NOUN_ADP,6
166,1,ADP_DET,5
166,1,NOUN_AUX,5
166,1,AUX_VERB,5
167,1,DET_NOUN,24
167,1,ADP_DET,12
167,1,NOUN_ADP,11
167,1,VERB_ADP,10
167,1,AUX_VERB,10
168,0,PRON_AUX,35
168,0,PRON_VERB,27
168,0,VERB_PRON,27
168,0,ADJ_NOUN,24
168,0,NOUN_PRON,24
169,0,DET_NOUN,30
169,0,VERB_DET,25
169,0,DET_ADJ,20
169,0,NOUN_AUX,18
169,0,ADJ_NOUN,17
170,0,DET_NOUN,54
170,0,NOUN_ADP,36
170,0,ADP_DET,35
170,0,ADJ_NOUN,26
170,0,DET_ADJ,22
171,0,ADP_NOUN,27
171,0,VERB_ADP,23
171,0,NOUN_ADP,20
171,0,NOUN_PRON,19
171,0,VERB_NOUN,19
172,0,PRON_VERB,13
172,0,ADP_NOUN,11
172,0,PRON_AUX,9
172,0,NOUN_PRON,9
172,0,VERB_NOUN,8
173,0,DET_NOUN,43
173,0,PRON_AUX,29
173,0,PART_VERB,27
173,0,AUX_VERB,26
173,0,ADP_DET,26
174,1,DET_NOUN,34
174,1,ADJ_NOUN,32
174,1,NOUN_ADP,22
174,1,NOUN_NOUN,21
174,1,NOUN_AUX,19
175,0,DET_NOUN,38
175,0,ADJ_NOUN,33
175,0,ADP_DET,24
175,0,PRON_AUX,19
175,0,NOUN_ADP,18
176,0,NOUN_ADP,25
176,0,NOUN_NOUN,21
176,0,DET_NOUN,20
176,0,NOUN_AUX,19
176,0,ADJ_NOUN,19
177,0,DET_NOUN,26
177,0,NOUN_ADP,21
177,0,ADJ_NOUN,19
177,0,NOUN_CCONJ,16
177,0,VERB_DET,15
178,0,ADJ_NOUN,39
178,0,PRON_AUX,29
178,0,NOUN_ADP,20
178,0,AUX_VERB,20
178,0,DET_ADJ,15
179,0,DET_NOUN,25
179,0,NOUN_ADP,21
179,0,PRON_AUX,17
179,0,ADJ_NOUN,16
179,0,VERB_ADP,15
180,0,DET_NOUN,12
180,0,PRON_AUX,10
180,0,AUX_VERB,9
180,0,ADJ_NOUN,9
180,0,NOUN_AUX,7
181,1,PART_VERB,18
181,1,PRON_AUX,15
181,1,AUX_ADJ,13
181,1,SCONJ_NOUN,11
181,1,ADP_DET,11
182,0,ADJ_NOUN,13
182,0,NOUN_VERB,12
182,0,DET_ADJ,11
182,0,DET_NOUN,11
182,0,VERB_NOUN,7
183,0,DET_NOUN,30
183,0,NOUN_ADP,23
183,0,ADJ_NOUN,23
183,0,ADP_DET,21
183,0,VERB_ADP,16
184,0,DET_NOUN,33
184,0,NOUN_VERB,21
184,0,NOUN_ADP,18
184,0,NOUN_NOUN,15
184,0,NOUN_AUX,14
185,1,NOUN_ADP,46
185,1,ADJ_NOUN,36
185,1,NOUN_NOUN,36
185,1,DET_NOUN,28
185,1,VERB_NOUN,27
186,0,DET_NOUN,45
186,0,NOUN_AUX,30
186,0,NOUN_ADP,25
186,0,ADJ_NOUN,25
186,0,NOUN_NOUN,25
187,0,DET_NOUN,31
187,0,ADJ_NOUN,30
187,0,NOUN_ADP,29
187,0,NOUN_NOUN,26
187,0,ADP_DET,20
188,1,NOUN_ADP,28
188,1,ADJ_NOUN,26
188,1,ADP_NOUN,18
188,1,VERB_NOUN,16
188,1,NOUN_NOUN,15
189,0,DET_NOUN,28
189,0,PRON_AUX,20
189,0,NOUN_PRON,19
189,0,ADJ_NOUN,16
189,0,PRON_VERB,15
190,1,DET_NOUN,27
190,1,NOUN_ADP,15
190,1,ADP_DET,13
190,1,VERB_DET,10
190,1,PART_VERB,9
191,1,NOUN_ADP,20
191,1,DET_NOUN,17
191,1,ADJ_NOUN,15
191,1,NOUN_NOUN,15
191,1,ADP_DET,13
192,1,ADJ_NOUN,21
192,1,NOUN_ADP,17
192,1,DET_NOUN,14
192,1,NOUN_NOUN,12
192,1,NOUN_VERB,11
193,0,DET_NOUN,37
193,0,PRON_AUX,30
193,0,AUX_VERB,20
193,0,VERB_ADP,19
193,0,PART_VERB,18
194,1,ADJ_NOUN,36
194,1,NOUN_ADP,22
194,1,NOUN_CCONJ,20
194,1,DET_NOUN,18
194,1,VERB_DET,15
195,0,DET_NOUN,22
195,0,ADJ_NOUN,19
195,0,PRON_AUX,19
195,0,VERB_PRON,18
195,0,SCONJ_PRON,12
196,0,DET_NOUN,27
196,0,NOUN_ADP,25
196,0,ADP_NOUN,23
196,0,ADJ_NOUN,22
196,0,VERB_ADP,17
197,1,NOUN_ADP,8
197,1,ADJ_NOUN,8
197,1,PRON_NOUN,6
197,1,NOUN_NOUN,6
197,1,VERB_ADP,6
198,1,NOUN_ADP,27
198,1,ADP_NOUN,21
198,1,DET_NOUN,15
198,1,ADJ_NOUN,15
198,1,NOUN_CCONJ,14
199,0,NOUN_ADP,21
199,0,DET_NOUN,20
199,0,AUX_VERB,20
199,0,NOUN_AUX,17
199,0,NOUN_NOUN,16
200,0,DET_NOUN,52
200,0,ADJ_NOUN,49
200,0,NOUN_ADP,44
200,0,ADP_DET,27
200,0,DET_ADJ,22
201,1,NOUN_ADP,31
201,1,ADJ_NOUN,22
201,1,ADP_NOUN,17
201,1,DET_NOUN,15
201,1,PART_VERB,13
202,0,DET_NOUN,47
202,0,PRON_VERB,31
202,0,PRON_AUX,30
202,0,ADP_DET,28
202,0,NOUN_ADP,25
203,0,DET_NOUN,41
203,0,NOUN_ADP,40
203,0,ADP_NOUN,31
203,0,NOUN_NOUN,28
203,0,VERB_DET,27
204,0,PRON_VERB,33
204,0,VERB_PRON,27
204,0,PRON_AUX,26
204,0,ADJ_NOUN,25
204,0,ADP_PRON,24
205,0,ADJ_NOUN,45
205,0,DET_NOUN,42
205,0,NOUN_AUX,27
205,0,VERB_DET,25
205,0,PART_VERB,23
206,1,NOUN_ADP,12
206,1,ADJ_NOUN,11
206,1,DET_NOUN,9
206,1,VERB_NOUN,9
206,1,NOUN_NOUN,9
207,1,NOUN_ADP,21
207,1,ADJ_NOUN,21
207,1,ADP_NOUN,14
207,1,ADP_DET,13
207,1,DET_NOUN,12
208,1,ADJ_NOUN,28
208,1,NOUN_AUX,14
208,1,NOUN_ADP,13
208,1,NOUN_NOUN,11
208,1,DET_NOUN,11
209,1,DET_NOUN,10
209,1,SCONJ_NOUN,9
209,1,ADJ_NOUN,8
209,1,NOUN_AUX,8
209,1,PRON_VERB,7
210,0,PRON_AUX,40
210,0,PRON_VERB,38
210,0,DET_NOUN,37
210,0,VERB_PRON,33
210,0,ADP_DET,27
211,0,PRON_AUX,22
211,0,AUX_VERB,20
211,0,ADJ_NOUN,19
211,0,NOUN_ADP,18
211,0,VERB_ADP,15
212,1,DET_NOUN,16
212,1,PART_VERB,12
212,1,ADP_DET,11
212,1,AUX_VERB,11
212,1,VERB_PRON,11
213,0,NOUN_ADP,28
213,0,ADJ_NOUN,18
213,0,DET_NOUN,16
213,0,NOUN_NOUN,15
213,0,ADP_PROPN,11
214,1,DET_NOUN,15
214,1,NOUN_ADP,15
214,1,ADJ_NOUN,12
214,1,NOUN_NOUN,11
214,1,ADP_DET,10
215,0,NOUN_ADP,36
215,0,ADJ_NOUN,30
215,0,NOUN_NOUN,23
215,0,DET_NOUN,20
215,0,AUX_VERB,16
216,0,ADJ_NOUN,27
216,0,PRON_AUX,23
216,0,ADP_PRON,21
216,0,NOUN_ADP,20
216,0,DET_NOUN,20
217,0,DET_NOUN,31
217,0,NOUN_ADP,17
217,0,VERB_DET,15
217,0,NOUN_AUX,13
217,0,ADP_NOUN,13
218,0,DET_NOUN,22
218,0,NOUN_ADP,17
218,0,ADJ_NOUN,16
218,0,NOUN_AUX,12
218,0,ADP_DET,11
219,0,ADJ_NOUN,32
219,0,VERB_ADJ,30
219,0,PRON_VERB,21
219,0,AUX_VERB,18
219,0,NOUN_PRON,15
220,0,DET_NOUN,44
220,0,NOUN_ADP,28
220,0,ADP_DET,25
220,0,ADJ_NOUN,23
220,0,NOUN_VERB,20
221,0,DET_NOUN,31
221,0,NOUN_ADP,29
221,0,ADJ_NOUN,25
221,0,ADP_DET,23
221,0,DET_PROPN,19
222,1,NOUN_ADP,17
222,1,ADP_NOUN,16
222,1,NOUN_NOUN,14
222,1,ADJ_NOUN,12
222,1,VERB_NOUN,12
223,0,DET_NOUN,37
223,0,PRON_AUX,34
223,0,PART_VERB,33
223,0,ADJ_NOUN,32
223,0,AUX_VERB,27
224,0,ADJ_NOUN,35
224,0,DET_NOUN,27
224,0,NOUN_AUX,20
224,0,NOUN_ADP,18
224,0,DET_ADJ,15
225,1,DET_NOUN,6
225,1,VERB_DET,4
225,1,ADJ_NOUN,4
225,1,NOUN_ADP,4
225,1,ADP_NOUN,4
226,0,DET_NOUN,38
226,0,NOUN_ADP,30
226,0,ADJ_NOUN,29
226,0,PRON_AUX,23
226,0,AUX_VERB,22
227,1,ADJ_NOUN,21
227,1,NOUN_ADP,17
227,1,DET_NOUN,16
227,1,ADP_DET,13
227,1,NOUN_NOUN,13
228,1,ADJ_NOUN,34
228,1,ADP_DET,28
228,1,DET_NOUN,28
228,1,NOUN_ADP,27
228,1,DET_ADJ,23
229,0,DET_NOUN,11
229,0,ADJ_NOUN,11
229,0,NOUN_ADP,11
229,0,VERB_DET,7
229,0,DET_ADJ,7
230,0,DET_NOUN,38
230,0,NOUN_ADP,33
230,0,ADP_DET,24
230,0,PRON_AUX,24
230,0,ADJ_NOUN,20
231,0,DET_NOUN,30
231,0,PRON_AUX,24
231,0,NOUN_ADP,21
231,0,PART_VERB,20
231,0,NOUN_CCONJ,19
232,0,VERB_PRON,13
232,0,DET_NOUN,10
232,0,PRON_AUX,9
232,0,AUX_VERB,9
232,0,NOUN_PRON,7
233,1,ADJ_NOUN,12
233,1,VERB_PRON,12
233,1,DET_NOUN,10
233,1,NOUN_NOUN,10
233,1,VERB_DET,9
234,0,DET_NOUN,39
234,0,ADP_DET,32
234,0,NOUN_ADP,28
234,0,NOUN_AUX,23
234,0,ADJ_NOUN,22
235,0,DET_NOUN,18
235,0,NOUN_ADP,9
235,0,PART_VERB,9
235,0,NOUN_AUX,9
235,0,PRON_AUX,7
236,0,DET_NOUN,30
236,0,NOUN_ADP,19
236,0,ADP_NOUN,16
236,0,AUX_VERB,15
236,0,PRON_AUX,14
237,0,NOUN_ADP,10
237,0,ADP_NOUN,7
237,0,PRON_AUX,7
237,0,PRON_VERB,6
237,0,ADJ_NOUN,6
238,0,PRON_AUX,11
238,0,AUX_VERB,11
238,0,SCONJ_PRON,10
238,0,PRON_VERB,8
238,0,DET_NOUN,7
239,0,DET_NOUN,35
239,0,NOUN_ADP,26
239,0,ADP_NOUN,25
239,0,ADJ_NOUN,25
239,0,PART_VERB,24
240,0,PRON_AUX,40
240,0,PRON_VERB,36
240,0,ADJ_NOUN,30
240,0,VERB_PRON,30
240,0,ADP_PRON,30
241,1,NOUN_CCONJ,8
241,1,NOUN_ADP,8
241,1,ADJ_NOUN,8
241,1,DET_NOUN,7
241,1,CCONJ_NOUN,6
242,0,ADJ_NOUN,12
242,0,PRON_AUX,10
242,0,NOUN_ADP,9
242,0,VERB_ADJ,7
242,0,PART_VERB,6
243,1,NOUN_NOUN,37
243,1,NOUN_ADP,37
243,1,ADJ_NOUN,30
243,1,DET_NOUN,23
243,1,ADP_NOUN,20
244,1,NOUN_ADP,28
244,1,ADJ_NOUN,28
244,1,NOUN_NOUN,21
244,1,ADP_NOUN,15
244,1,DET_NOUN,12
245,0,VERB_PRON,45
245,0,PART_VERB,43
245,0,DET_NOUN,28
245,0,PRON_AUX,27
245,0,PRON_VERB,25
246,1,DET_NOUN,9
246,1,PRON_VERB,6
246,1,PRON_AUX,6
246,1,NOUN_PRON,5
246,1,ADJ_NOUN,5
247,1,ADJ_NOUN,7
247,1,NOUN_CCONJ,6
247,1,CCONJ_NOUN,5
247,1,PRON_AUX,5
247,1,ADP_PRON,5
248,1,ADJ_NOUN,24
248,1,VERB_ADJ,12
248,1,NOUN_AUX,11
248,1,PRON_VERB,10
248,1,PART_VERB,10
249,1,NOUN_ADP,61
249,1,ADJ_NOUN,50
249,1,DET_NOUN,35
249,1,ADP_DET,30
249,1,DET_ADJ,29
250,1,ADJ_NOUN,28
250,1,NOUN_ADP,15
250,1,DET_NOUN,12
250,1,VERB_ADP,12
250,1,AUX_VERB,11
251,0,DET_NOUN,35
251,0,ADJ_NOUN,29
251,0,NOUN_VERB,26
251,0,NOUN_ADP,23
251,0,ADP_DET,17
252,0,DET_NOUN,30
252,0,NOUN_ADP,21
252,0,ADP_DET,20
252,0,ADJ_NOUN,18
252,0,NOUN_AUX,14
253,1,NOUN_ADP,45
253,1,NOUN_NOUN,38
253,1,ADJ_NOUN,38
253,1,DET_NOUN,26
253,1,ADP_NOUN,19
254,1,ADJ_NOUN,14
254,1,PRON_AUX,10
254,1,VERB_ADJ,9
254,1,VERB_NOUN,8
254,1,NOUN_VERB,8
255,0,DET_NOUN,18
255,0,NOUN_ADP,11
255,0,PRON_VERB,9
255,0,ADJ_NOUN,9
255,0,ADP_DET,9
256,0,DET_NOUN,18
256,0,NOUN_ADP,13
256,0,ADP_DET,10
256,0,ADP_NOUN,7
256,0,PART_VERB,6
257,0,DET_NOUN,37
257,0,PRON_AUX,26
257,0,NOUN_ADP,20
257,0,ADJ_NOUN,18
257,0,PRON_VERB,17
258,0,DET_NOUN,16
258,0,NOUN_ADP,14
258,0,ADJ_NOUN,13
258,0,ADP_DET,9
258,0,NOUN_PRON,8
259,0,PRON_VERB,32
259,0,PRON_AUX,23
259,0,VERB_PRON,19
259,0,PRON_NOUN,17
259,0,SCONJ_PRON,16
260,0,DET_NOUN,21
260,0,VERB_DET,15
260,0,AUX_PART,10
260,0,NOUN_VERB,10
260,0,NOUN_AUX,10
261,0,NOUN_ADP,15
261,0,ADJ_NOUN,14
261,0,PRON_VERB,11
261,0,DET_NOUN,10
261,0,ADP_DET,10
262,0,DET_NOUN,15
262,0,PART_VERB,13
262,0,NOUN_ADP,12
262,0,PRON_AUX,11
262,0,AUX_VERB,10
263,0,NOUN_ADP,18
263,0,DET_NOUN,18
263,0,ADJ_NOUN,13
263,0,ADP_DET,10
263,0,PRON_VERB,9
264,1,ADJ_NOUN,55
264,1,NOUN_ADP,42
264,1,DET_NOUN,30
264,1,NOUN_CCONJ,26
264,1,NOUN_NOUN,25
265,1,ADJ_NOUN,28
265,1,NOUN_ADP,27
265,1,ADP_NOUN,23
265,1,NOUN_NOUN,23
265,1,NOUN_VERB,17
266,1,ADJ_NOUN,22
266,1,NOUN_NOUN,19
266,1,NOUN_ADP,19
266,1,VERB_NOUN,18
266,1,ADP_NOUN,16
267,0,ADJ_NOUN,51
267,0,DET_NOUN,41
267,0,DET_ADJ,40
267,0,NOUN_ADP,32
267,0,VERB_DET,29
268,0,ADJ_NOUN,17
268,0,NOUN_AUX,15
268,0,DET_ADJ,14
268,0,NOUN_ADP,14
268,0,DET_NOUN,14
269,1,ADJ_NOUN,26
269,1,NOUN_AUX,14
269,1,DET_NOUN,13
269,1,SCONJ_ADJ,12
269,1,VERB_NOUN,10
270,1,NOUN_ADP,25
270,1,ADJ_NOUN,23
270,1,DET_ADJ,16
270,1,DET_NOUN,15
270,1,AUX_VERB,13
271,1,NOUN_NOUN,28
271,1,ADJ_NOUN,26
271,1,NOUN_ADP,25
271,1,ADP_NOUN,17
271,1,VERB_ADP,11
272,0,PART_VERB,11
272,0,PRON_VERB,10
272,0,ADJ_NOUN,8
272,0,VERB_PRON,8
272,0,PRON_NOUN,7
273,0,DET_NOUN,57
273,0,NOUN_ADP,38
273,0,ADP_DET,25
273,0,ADJ_NOUN,19
273,0,VERB_DET,16
274,0,DET_NOUN,24
274,0,AUX_VERB,14
274,0,ADP_DET,13
274,0,PRON_AUX,12
274,0,NOUN_AUX,11
275,0,DET_NOUN,48
275,0,NOUN_ADP,40
275,0,NOUN_PRON,28
275,0,PRON_VERB,26
275,0,PRON_AUX,26
276,1,PRON_AUX,7
276,1,AUX_VERB,7
276,1,NOUN_ADP,7
276,1,ADP_NOUN,7
276,1,DET_NOUN,6
277,1,ADJ_NOUN,18
277,1,NOUN_ADP,11
277,1,NOUN_NOUN,11
277,1,NOUN_AUX,9
277,1,VERB_ADJ,8
278,1,ADJ_NOUN,19
278,1,NOUN_ADP,17
278,1,DET_NOUN,17
278,1,ADP_DET,13
278,1,NOUN_PRON,10
279,1,ADJ_NOUN,39
279,1,NOUN_ADP,23
279,1,DET_NOUN,18
279,1,NOUN_CCONJ,15
279,1,VERB_ADJ,14
280,1,ADJ_NOUN,22
280,1,VERB_NOUN,18
280,1,NOUN_NOUN,17
280,1,NOUN_VERB,13
280,1,DET_NOUN,13
281,0,DET_NOUN,37
281,0,NOUN_ADP,26
281,0,NOUN_AUX,22
281,0,ADP_NOUN,21
281,0,ADJ_NOUN,18
282,1,NOUN_ADP,40
282,1,NOUN_NOUN,33
282,1,ADJ_NOUN,31
282,1,VERB_NOUN,27
282,1,DET_NOUN,27
283,0,PRON_VERB,26
283,0,ADJ_NOUN,25
283,0,PRON_AUX,25
283,0,VERB_ADP,22
283,0,VERB_PRON,19
284,0,DET_NOUN,29
284,0,VERB_PRON,21
284,0,AUX_VERB,21
284,0,PRON_AUX,20
284,0,PART_VERB,19
285,0,PRON_AUX,47
285,0,VERB_PRON,31
285,0,AUX_VERB,29
285,0,DET_NOUN,21
285,0,PRON_NOUN,19
286,0,ADJ_NOUN,24
286,0,AUX_VERB,14
286,0,NOUN_ADP,13
286,0,DET_NOUN,12
286,0,DET_ADJ,12
287,1,ADJ_NOUN,27
287,1,NOUN_ADP,16
287,1,NOUN_NOUN,11
287,1,VERB_DET,10
287,1,DET_NOUN,10
288,0,DET_NOUN,24
288,0,PRON_VERB,15
288,0,ADP_NOUN,15
288,0,NOUN_ADP,13
288,0,VERB_DET,13
289,0,ADJ_NOUN,25
289,0,DET_NOUN,23
289,0,NOUN_ADP,22
289,0,ADP_NOUN,16
289,0,VERB_NOUN,15
290,0,DET_NOUN,23
290,0,PART_VERB,21
290,0,NOUN_ADP,20
290,0,ADJ_NOUN,18
290,0,PRON_AUX,17
291,1,NOUN_AUX,20
291,1,SCONJ_NOUN,17
291,1,VERB_SCONJ,15
291,1,PRON_VERB,14
291,1,AUX_VERB,11
292,1,ADJ_NOUN,31
292,1,NOUN_ADP,22
292,1,ADP_NOUN,22
292,1,NOUN_NOUN,21
292,1,NOUN_ADV,14
293,0,NOUN_NOUN,28
293,0,DET_NOUN,28
293,0,NOUN_ADP,17
293,0,ADJ_NOUN,16
293,0,VERB_NOUN,13
294,0,ADJ_NOUN,24
294,0,DET_NOUN,20
294,0,ADP_DET,18
294,0,VERB_ADP,18
294,0,DET_ADJ,16
295,0,ADJ_NOUN,21
295,0,AUX_VERB,20
295,0,PRON_VERB,19
295,0,PRON_AUX,19
295,0,VERB_PRON,17
296,0,NOUN_ADP,24
296,0,ADJ_NOUN,20
296,0,DET_NOUN,15
296,0,ADP_NOUN,15
296,0,NOUN_NOUN,15
297,0,DET_NOUN,52
297,0,NOUN_ADP,33
297,0,NOUN_AUX,25
297,0,ADJ_NOUN,23
297,0,ADP_DET,23
298,0,DET_NOUN,25
298,0,NOUN_ADP,19
298,0,PRON_AUX,19
298,0,AUX_VERB,16
298,0,NOUN_AUX,14
299,0,PRON_AUX,20
299,0,VERB_PRON,16
299,0,PRON_VERB,14
299,0,DET_NOUN,11
299,0,AUX_VERB,11
300,0,PRON_VERB,59
300,0,PART_VERB,35
300,0,DET_NOUN,31
300,0,VERB_PRON,26
300,0,SCONJ_PRON,24
301,1,DET_NOUN,25
301,1,ADJ_NOUN,19
301,1,NOUN_ADP,17
301,1,ADP_DET,15
301,1,VERB_NOUN,13
302,1,ADJ_NOUN,22
302,1,NOUN_ADP,20
302,1,VERB_NOUN,20
302,1,ADP_NOUN,17
302,1,ADP_VERB,13
303,0,DET_NOUN,21
303,0,PRON_AUX,15
303,0,ADJ_NOUN,14
303,0,NOUN_AUX,14
303,0,PART_VERB,14
304,0,DET_NOUN,35
304,0,ADP_DET,22
304,0,NOUN_ADP,21
304,0,PRON_VERB,20
304,0,VERB_ADP,18
305,1,ADJ_NOUN,21
305,1,NOUN_ADP,18
305,1,DET_NOUN,14
305,1,ADP_DET,12
305,1,DET_ADJ,11
306,0,DET_NOUN,25
306,0,VERB_PRON,21
306,0,PRON_VERB,18
306,0,ADJ_NOUN,17
306,0,PART_VERB,17
307,0,DET_NOUN,16
307,0,PRON_AUX,13
307,0,NOUN_ADP,10
307,0,SCONJ_PRON,9
307,0,PRON_VERB,8
308,1,ADJ_NOUN,25
308,1,NOUN_ADP,21
308,1,NOUN_NOUN,18
308,1,ADP_NOUN,15
308,1,NOUN_VERB,14
309,1,ADJ_NOUN,23
309,1,NOUN_NOUN,21
309,1,NOUN_ADP,17
309,1,VERB_ADP,14
309,1,VERB_NOUN,13
310,1,ADJ_NOUN,30
310,1,ADP_NOUN,17
310,1,NOUN_ADP,17
310,1,NOUN_NOUN,16
310,1,VERB_ADJ,15
311,0,PRON_VERB,23
311,0,VERB_PRON,17
311,0,PRON_AUX,16
311,0,SCONJ_PRON,15
311,0,CCONJ_PRON,11
312,0,DET_NOUN,62
312,0,ADP_DET,44
312,0,NOUN_ADP,41
312,0,ADJ_NOUN,33
312,0,VERB_ADP,30
313,0,PRON_VERB,42
313,0,ADJ_NOUN,32
313,0,PART_VERB,27
313,0,VERB_ADP,27
313,0,VERB_PRON,26
314,0,ADJ_NOUN,50
314,0,NOUN_ADP,36
314,0,DET_NOUN,35
314,0,VERB_ADP,29
314,0,VERB_PRON,27
315,0,ADJ_NOUN,21
315,0,DET_NOUN,20
315,0,NOUN_ADP,19
315,0,ADP_DET,15
315,0,PART_VERB,14
316,0,ADJ_NOUN,55
316,0,DET_NOUN,47
316,0,NOUN_ADP,46
316,0,ADP_DET,35
316,0,PRON_VERB,26
317,0,ADJ_NOUN,11
317,0,PART_VERB,10
317,0,DET_NOUN,10
317,0,VERB_PRON,9
317,0,PRON_AUX,8
318,1,ADJ_NOUN,27
318,1,NOUN_ADP,24
318,1,NOUN_NOUN,17
318,1,ADP_ADJ,13
318,1,DET_NOUN,11
319,0,ADJ_NOUN,62
319,0,PRON_AUX,38
319,0,PRON_VERB,25
319,0,VERB_ADJ,25
319,0,VERB_PRON,25
320,0,AUX_VERB,19
320,0,VERB_PRON,19
320,0,PRON_AUX,17
320,0,VERB_NOUN,12
320,0,ADJ_NOUN,10
321,0,DET_NOUN,16
321,0,AUX_VERB,11
321,0,NOUN_AUX,9
321,0,NOUN_ADP,8
321,0,ADJ_NOUN,8
322,0,NOUN_ADP,17
322,0,DET_NOUN,15
322,0,VERB_ADP,13
322,0,ADJ_NOUN,12
322,0,ADP_NOUN,11
323,1,DET_NOUN,11
323,1,NOUN_ADP,9
323,1,PRON_AUX,9
323,1,ADP_DET,9
323,1,ADP_PRON,6
324,1,DET_NOUN,27
324,1,NOUN_ADP,26
324,1,ADJ_NOUN,23
324,1,AUX_VERB,18
324,1,NOUN_AUX,17
325,0,DET_NOUN,41
325,0,VERB_ADP,22
325,0,NOUN_ADP,20
325,0,ADP_DET,18
325,0,NOUN_AUX,17
326,0,ADJ_NOUN,42
326,0,DET_NOUN,34
326,0,NOUN_ADP,27
326,0,DET_ADJ,23
326,0,NOUN_VERB,23
327,0,ADP_NOUN,10
327,0,ADJ_NOUN,9
327,0,VERB_ADP,8
327,0,NOUN_ADP,8
327,0,NOUN_CCONJ,8
328,0,DET_NOUN,36
328,0,NOUN_ADP,29
328,0,ADP_DET,25
328,0,ADJ_NOUN,23
328,0,AUX_VERB,16
329,1,NOUN_PRON,23
329,1,VERB_ADP,20
329,1,DET_NOUN,18
329,1,PART_VERB,18
329,1,AUX_VERB,18
330,0,DET_NOUN,27
330,0,PRON_AUX,17
330,0,NOUN_ADP,17
330,0,ADP_DET,17
330,0,ADJ_NOUN,16
331,0,DET_NOUN,24
331,0,NOUN_ADP,17
331,0,ADJ_NOUN,17
331,0,PART_VERB,12
331,0,NOUN_AUX,11
332,0,DET_NOUN,29
332,0,ADJ_NOUN,24
332,0,PRON_AUX,21
332,0,DET_ADJ,19
332,0,NOUN_ADP,17
333,0,PART_VERB,20
333,0,NOUN_AUX,20
333,0,VERB_NOUN,18
333,0,NOUN_ADP,16
333,0,DET_NOUN,12
334,1,ADJ_NOUN,13
334,1,DET_NOUN,12
334,1,NOUN_ADP,11
334,1,NOUN_AUX,10
334,1,VERB_NOUN,10
335,1,NOUN_ADP,47
335,1,ADJ_NOUN,42
335,1,NOUN_NOUN,36
335,1,DET_NOUN,26
335,1,NOUN_VERB,22
336,1,PRON_AUX,24
336,1,AUX_VERB,24
336,1,ADJ_NOUN,22
336,1,SCONJ_PRON,21
336,1,PRON_VERB,16
337,1,ADJ_NOUN,15
337,1,NOUN_ADP,13
337,1,VERB_NOUN,12
337,1,NOUN_NOUN,11
337,1,ADP_NOUN,11
338,0,DET_NOUN,34
338,0,AUX_VERB,29
338,0,NOUN_AUX,26
338,0,NOUN_ADP,21
338,0,NOUN_NOUN,18
339,0,DET_NOUN,30
339,0,NOUN_ADP,18
339,0,PRON_AUX,17
339,0,ADP_NOUN,16
339,0,ADP_DET,15
340,0,DET_NOUN,28
340,0,NOUN_ADP,20
340,0,VERB_ADP,18
340,0,ADP_DET,18
340,0,PRON_NOUN,16
341,1,ADJ_NOUN,11
341,1,NOUN_ADP,10
341,1,DET_NOUN,9
341,1,VERB_ADP,5
341,1,AUX_VERB,5
342,1,PRON_AUX,19
342,1,VERB_PRON,13
342,1,DET_NOUN,13
342,1,ADP_PRON,10
342,1,PART_VERB,9
343,0,PRON_AUX,37
343,0,PRON_VERB,32
343,0,ADJ_NOUN,29
343,0,DET_NOUN,25
343,0,VERB_PRON,25
344,0,NOUN_ADP,38
344,0,ADJ_NOUN,36
344,0,ADP_DET,29
344,0,DET_NOUN,24
344,0,NOUN_AUX,22
345,1,ADJ_NOUN,33
345,1,NOUN_NOUN,30
345,1,NOUN_ADP,27
345,1,ADP_NOUN,22
345,1,VERB_NOUN,17
346,1,NOUN_ADP,28
346,1,DET_NOUN,27
346,1,ADJ_NOUN,27
346,1,AUX_VERB,18
346,1,NOUN_PRON,18
347,0,ADJ_NOUN,12
347,0,NOUN_AUX,12
347,0,PRON_AUX,9
347,0,SCONJ_PRON,9
347,0,PRON_VERB,8
348,0,NOUN_ADP,44
348,0,DET_NOUN,31
348,0,ADJ_NOUN,29
348,0,ADP_DET,29
348,0,DET_ADJ,18
349,0,DET_NOUN,53
349,0,NOUN_ADP,45
349,0,ADP_NOUN,29
349,0,NOUN_NOUN,26
349,0,VERB_DET,25
350,1,NOUN_ADP,50
350,1,ADJ_NOUN,45
350,1,NOUN_NOUN,36
350,1,ADP_NOUN,28
350,1,DET_NOUN,21
351,0,ADJ_NOUN,13
351,0,NOUN_ADP,12
351,0,DET_NOUN,12
351,0,ADP_DET,10
351,0,PRON_AUX,7
352,1,VERB_ADP,9
352,1,ADP_DET,8
352,1,DET_NOUN,8
352,1,ADJ_NOUN,8
352,1,NOUN_PRON,6
353,1,ADJ_NOUN,53
353,1,NOUN_ADP,39
353,1,NOUN_NOUN,31
353,1,NOUN_CCONJ,20
353,1,NOUN_VERB,20
354,0,NOUN_ADP,34
354,0,DET_NOUN,25
354,0,ADJ_NOUN,24
354,0,ADP_DET,23
354,0,PRON_AUX,18
355,0,PRON_VERB,26
355,0,VERB_ADP,20
355,0,PART_VERB,19
355,0,PRON_AUX,16
355,0,ADP_PRON,16
356,0,PRON_VERB,24
356,0,NOUN_ADP,17
356,0,PRON_AUX,17
356,0,DET_NOUN,15
356,0,ADJ_NOUN,14
357,0,DET_NOUN,25
357,0,ADJ_NOUN,25
357,0,NOUN_ADP,20
357,0,AUX_VERB,17
357,0,VERB_NOUN,17
358,0,DET_NOUN,11
358,0,ADP_NOUN,11
358,0,ADJ_NOUN,10
358,0,PRON_AUX,10
358,0,NOUN_NOUN,10
359,1,ADJ_NOUN,32
359,1,NOUN_ADP,17
359,1,NOUN_VERB,15
359,1,ADP_NOUN,13
359,1,VERB_ADJ,11
360,0,PRON_AUX,6
360,0,DET_NOUN,6
360,0,PRON_VERB,5
360,0,SCONJ_PRON,4
360,0,PART_VERB,4
361,1,ADJ_NOUN,31
361,1,NOUN_ADP,24
361,1,DET_NOUN,14
361,1,VERB_ADP,13
361,1,ADP_NOUN,11
362,0,ADJ_NOUN,11
362,0,VERB_PRON,11
362,0,NOUN_ADP,11
362,0,PRON_VERB,10
362,0,VERB_ADJ,8
363,0,DET_NOUN,23
363,0,NOUN_NOUN,21
363,0,ADJ_NOUN,21
363,0,NOUN_VERB,17
363,0,VERB_ADP,15
364,1,ADJ_NOUN,21
364,1,NOUN_NOUN,20
364,1,NOUN_ADP,11
364,1,NOUN_VERB,10
364,1,ADP_DET,9
365,1,VERB_PRON,20
365,1,PART_VERB,15
365,1,NOUN_ADP,12
365,1,PRON_VERB,11
365,1,PRON_AUX,11
366,0,NOUN_NOUN,16
366,0,DET_NOUN,15
366,0,VERB_ADP,13
366,0,NOUN_ADP,13
366,0,ADP_DET,12
367,1,ADJ_NOUN,29
367,1,DET_NOUN,28
367,1,NOUN_AUX,23
367,1,NOUN_ADP,23
367,1,VERB_NOUN,18
368,1,ADJ_NOUN,17
368,1,NOUN_ADP,16
368,1,VERB_NOUN,12
368,1,NOUN_NOUN,10
368,1,NOUN_CCONJ,10
369,0,NOUN_ADP,58
369,0,DET_NOUN,44
369,0,ADJ_NOUN,38
369,0,ADP_NOUN,30
369,0,NOUN_NOUN,30
370,0,DET_NOUN,43
370,0,PRON_AUX,22
370,0,ADJ_NOUN,20
370,0,VERB_ADP,19
370,0,PRON_VERB,19
371,1,PRON_AUX,36
371,1,DET_NOUN,19
371,1,VERB_PRON,19
371,1,SCONJ_PRON,16
371,1,AUX_VERB,14
372,0,PRON_AUX,16
372,0,AUX_VERB,14
372,0,VERB_PRON,13
372,0,ADJ_NOUN,10
372,0,VERB_ADP,9
373,1,NOUN_ADP,46
373,1,NOUN_NOUN,33
373,1,ADJ_NOUN,30
373,1,ADP_NOUN,30
373,1,VERB_NOUN,21
374,1,NOUN_ADP,23
374,1,ADJ_NOUN,20
374,1,VERB_ADP,17
374,1,ADP_DET,17
374,1,ADP_NOUN,13
375,0,DET_NOUN,33
375,0,NOUN_ADP,27
375,0,ADJ_NOUN,27
375,0,ADP_DET,23
375,0,PRON_AUX,16
376,1,NOUN_ADP,11
376,1,VERB_DET,9
376,1,DET_NOUN,9
376,1,NOUN_CCONJ,9
376,1,ADJ_NOUN,9
377,1,NOUN_ADP,19
377,1,ADP_NOUN,15
377,1,DET_NOUN,13
377,1,NOUN_AUX,11
377,1,ADP_DET,11
378,1,ADJ_NOUN,34
378,1,NOUN_NOUN,30
378,1,NOUN_ADP,20
378,1,PRON_AUX,11
378,1,ADP_ADJ,10
379,1,DET_NOUN,10
379,1,PART_VERB,10
379,1,PRON_AUX,7
379,1,ADJ_NOUN,6
379,1,NOUN_AUX,5
380,1,ADJ_NOUN,17
380,1,NOUN_ADP,15
380,1,PRON_VERB,9
380,1,VERB_DET,8
380,1,VERB_NOUN,8
381,1,NOUN_ADP,21
381,1,NOUN_NOUN,15
381,1,ADJ_NOUN,14
381,1,DET_NOUN,12
381,1,ADP_NOUN,11
382,0,VERB_PRON,45
382,0,ADJ_NOUN,41
382,0,NOUN_ADP,34
382,0,PRON_VERB,29
382,0,PRON_AUX,29
383,0,DET_NOUN,13
383,0,ADJ_NOUN,11
383,0,ADP_NOUN,10
383,0,NOUN_ADP,9
383,0,DET_ADJ,8
384,1,NOUN_ADP,18
384,1,DET_NOUN,14
384,1,ADP_NOUN,14
384,1,VERB_DET,9
384,1,ADJ_NOUN,9
385,0,DET_NOUN,28
385,0,NOUN_ADP,12
385,0,ADP_NOUN,12
385,0,PRON_VERB,10
385,0,NOUN_AUX,9
386,0,NOUN_ADP,35
386,0,DET_NOUN,26
386,0,ADJ_NOUN,24
386,0,NOUN_NOUN,23
386,0,ADP_NOUN,22
387,1,NOUN_ADP,20
387,1,ADJ_NOUN,17
387,1,DET_NOUN,17
387,1,NOUN_PRON,12
387,1,PRON_VERB,11
388,1,NOUN_ADP,34
388,1,ADJ_NOUN,26
388,1,DET_NOUN,18
388,1,ADP_NOUN,17
388,1,NOUN_AUX,15
389,0,NOUN_ADP,44
389,0,PRON_AUX,38
389,0,DET_NOUN,35
389,0,ADP_DET,32
389,0,ADJ_NOUN,24
390,1,PRON_AUX,8
390,1,ADJ_NOUN,6
390,1,NOUN_PRON,6
390,1,VERB_ADP,6
390,1,PRON_VERB,5
391,0,DET_NOUN,25
391,0,AUX_VERB,18
391,0,PRON_AUX,16
391,0,NOUN_AUX,15
391,0,VERB_PRON,10
392,0,DET_NOUN,25
392,0,NOUN_NOUN,24
392,0,ADJ_NOUN,22
392,0,NOUN_ADP,21
392,0,ADP_DET,19
393,0,DET_NOUN,31
393,0,NOUN_ADP,24
393,0,ADP_DET,19
393,0,ADJ_NOUN,19
393,0,DET_ADJ,12
394,1,ADJ_NOUN,17
394,1,NOUN_ADP,11
394,1,ADP_NOUN,10
394,1,VERB_NOUN,10
394,1,NOUN_NOUN,9
395,1,NOUN_ADP,40
395,1,NOUN_NOUN,38
395,1,ADJ_NOUN,36
395,1,DET_NOUN,35
395,1,ADP_NOUN,25
396,0,NOUN_ADP,18
396,0,AUX_VERB,18
396,0,DET_NOUN,18
396,0,ADP_NOUN,16
396,0,PRON_AUX,16
397,0,DET_NOUN,24
397,0,NOUN_ADP,16
397,0,ADP_NOUN,15
397,0,VERB_NOUN,12
397,0,ADJ_NOUN,12
398,1,NOUN_ADP,18
398,1,DET_NOUN,17
398,1,ADJ_NOUN,15
398,1,ADP_NOUN,15
398,1,NOUN_CCONJ,13
399,0,DET_NOUN,26
399,0,NOUN_ADP,25
399,0,ADP_NOUN,23
399,0,ADJ_NOUN,21
399,0,PRON_VERB,19
400,1,ADJ_NOUN,19
400,1,NOUN_ADP,13
400,1,VERB_ADP,10
400,1,DET_NOUN,10
400,1,VERB_NOUN,10
401,0,PRON_AUX,23
401,0,PART_VERB,18
401,0,VERB_ADP,17
401,0,ADJ_NOUN,14
401,0,VERB_PRON,12
402,0,DET_NOUN,55
402,0,ADJ_NOUN,47
402,0,NOUN_ADP,41
402,0,ADP_DET,33
402,0,NOUN_AUX,31
403,1,ADJ_NOUN,25
403,1,NOUN_ADP,23
403,1,DET_NOUN,21
403,1,NOUN_VERB,16
403,1,ADP_DET,12
404,0,DET_NOUN,26
404,0,ADJ_NOUN,21
404,0,NOUN_AUX,20
404,0,AUX_PART,17
404,0,PRON_AUX,17
405,1,DET_NOUN,39
405,1,NOUN_ADP,31
405,1,ADP_NOUN,28
405,1,ADJ_NOUN,27
405,1,NOUN_AUX,19
406,1,PRON_AUX,21
406,1,ADJ_NOUN,20
406,1,NOUN_PRON,15
406,1,AUX_VERB,13
406,1,NOUN_NOUN,12
407,0,DET_NOUN,46
407,0,ADJ_NOUN,30
407,0,VERB_ADP,27
407,0,ADP_DET,25
407,0,NOUN_NOUN,24
408,0,NOUN_ADP,51
408,0,DET_NOUN,49
408,0,ADP_DET,38
408,0,ADJ_NOUN,32
408,0,ADP_NOUN,25
409,0,DET_NOUN,24
409,0,NOUN_ADP,17
409,0,ADJ_NOUN,16
409,0,NOUN_AUX,15
409,0,ADP_DET,12
410,1,ADJ_NOUN,36
410,1,NOUN_NOUN,23
410,1,NOUN_ADP,19
410,1,NOUN_VERB,18
410,1,VERB_ADP,14
411,0,VERB_ADP,23
411,0,ADP_PRON,21
411,0,DET_NOUN,21
411,0,PRON_AUX,19
411,0,AUX_VERB,19
412,1,ADP_NOUN,11
412,1,NOUN_ADP,10
412,1,ADJ_NOUN,9
412,1,NOUN_VERB,9
412,1,VERB_NOUN,8
413,0,DET_NOUN,15
413,0,ADJ_NOUN,13
413,0,NOUN_NOUN,12
413,0,VERB_NOUN,9
413,0,NOUN_CCONJ,9
414,0,DET_NOUN,19
414,0,VERB_DET,14
414,0,ADJ_NOUN,13
414,0,NOUN_AUX,11
414,0,NOUN_ADP,10
415,1,ADJ_NOUN,14
415,1,DET_NOUN,10
415,1,NOUN_PRON,10
415,1,PRON_VERB,9
415,1,PART_VERB,8
416,1,ADJ_NOUN,30
416,1,NOUN_ADP,19
416,1,VERB_NOUN,18
416,1,NOUN_VERB,16
416,1,NOUN_NOUN,14
417,1,ADJ_NOUN,51
417,1,NOUN_ADP,39
417,1,VERB_DET,24
417,1,DET_ADJ,19
417,1,ADP_ADJ,18
418,0,DET_NOUN,30
418,0,PRON_AUX,30
418,0,PART_VERB,26
418,0,ADJ_NOUN,24
418,0,VERB_ADP,24
419,0,ADJ_NOUN,9
419,0,VERB_PRON,8
419,0,NOUN_NOUN,8
419,0,PRON_VERB,6
419,0,DET_ADJ,6
420,1,ADJ_NOUN,16
420,1,NOUN_NOUN,10
420,1,NOUN_ADP,10
420,1,ADP_NOUN,8
420,1,NOUN_VERB,8
421,0,ADJ_NOUN,49
421,0,PRON_AUX,42
421,0,NOUN_ADP,41
421,0,PRON_VERB,39
421,0,VERB_PRON,37
422,1,ADJ_NOUN,22
422,1,NOUN_ADP,21
422,1,ADP_NOUN,18
422,1,VERB_NOUN,15
422,1,VERB_PRON,12
423,1,ADJ_NOUN,30
423,1,NOUN_ADP,17
423,1,NOUN_NOUN,15
423,1,NOUN_VERB,13
423,1,VERB_ADP,12
424,0,DET_NOUN,23
424,0,NOUN_AUX,15
424,0,VERB_PRON,14
424,0,ADJ_NOUN,14
424,0,NOUN_NOUN,13
425,0,ADJ_NOUN,31
425,0,DET_NOUN,28
425,0,ADP_DET,27
425,0,DET_ADJ,25
425,0,VERB_ADP,22
426,1,NOUN_NOUN,42
426,1,ADJ_NOUN,33
426,1,NOUN_ADP,25
426,1,NOUN_VERB,16
426,1,ADP_NOUN,15
427,1,ADJ_NOUN,23
427,1,NOUN_ADP,23
427,1,DET_ADJ,11
427,1,VERB_ADP,10
427,1,ADP_DET,10
428,0,DET_NOUN,32
428,0,PRON_AUX,18
428,0,NOUN_ADP,17
428,0,PART_VERB,16
428,0,ADV_VERB,12
429,0,DET_NOUN,42
429,0,VERB_ADP,24
429,0,ADP_DET,20
429,0,PRON_AUX,20
429,0,VERB_DET,18
430,0,ADP_NOUN,17
430,0,DET_NOUN,16
430,0,PRON_VERB,14
430,0,NOUN_ADP,14
430,0,VERB_ADP,14
431,1,ADJ_NOUN,27
431,1,PRON_AUX,21
431,1,VERB_PRON,16
431,1,VERB_ADP,14
431,1,AUX_VERB,14
432,0,ADJ_NOUN,25
432,0,NOUN_NOUN,20
432,0,NOUN_AUX,18
432,0,NOUN_ADP,17
432,0,ADV_VERB,13
433,0,NOUN_ADP,50
433,0,DET_NOUN,47
433,0,ADJ_NOUN,33
433,0,ADP_NOUN,29
433,0,ADP_DET,26
434,0,PRON_AUX,15
434,0,AUX_VERB,15
434,0,DET_NOUN,14
434,0,ADJ_NOUN,11
434,0,NOUN_PRON,9
435,0,DET_NOUN,21
435,0,NOUN_ADP,19
435,0,PRON_VERB,18
435,0,VERB_ADP,15
435,0,ADP_NOUN,15
436,1,NOUN_NOUN,41
436,1,NOUN_ADP,31
436,1,VERB_NOUN,27
436,1,ADJ_NOUN,25
436,1,DET_NOUN,22
437,0,VERB_NOUN,12
437,0,NOUN_VERB,11
437,0,DET_NOUN,9
437,0,NOUN_ADP,8
437,0,NOUN_NOUN,8
438,1,NOUN_ADP,31
438,1,NOUN_NOUN,31
438,1,ADJ_NOUN,30
438,1,NOUN_VERB,22
438,1,VERB_NOUN,19
439,0,AUX_VERB,29
439,0,ADP_NOUN,25
439,0,ADJ_NOUN,22
439,0,NOUN_ADP,18
439,0,NOUN_NOUN,16
440,0,DET_NOUN,37
440,0,NOUN_ADP,33
440,0,ADP_DET,30
440,0,ADJ_NOUN,17
440,0,NOUN_DET,12
441,0,NOUN_ADP,26
441,0,PRON_VERB,16
441,0,ADP_NOUN,16
441,0,ADJ_NOUN,15
441,0,DET_ADJ,14
442,1,DET_NOUN,11
442,1,ADP_DET,7
442,1,PRON_AUX,7
442,1,NOUN_ADP,6
442,1,NOUN_PRON,6
443,0,ADJ_NOUN,15
443,0,DET_NOUN,14
443,0,PRON_AUX,13
443,0,AUX_VERB,13
443,0,ADP_NOUN,12
444,1,ADJ_NOUN,31
444,1,NOUN_ADP,28
444,1,NOUN_NOUN,23
444,1,ADP_NOUN,22
444,1,NOUN_VERB,15
445,1,ADJ_NOUN,29
445,1,DET_NOUN,28
445,1,NOUN_ADP,28
445,1,VERB_ADP,25
445,1,ADP_PRON,19
446,1,ADJ_NOUN,33
446,1,NOUN_NOUN,25
446,1,NOUN_ADP,22
446,1,NOUN_VERB,19
446,1,VERB_ADP,18
447,0,DET_NOUN,31
447,0,NOUN_ADP,29
447,0,PART_VERB,20
447,0,ADP_NOUN,19
447,0,ADJ_NOUN,19
448,0,DET_NOUN,24
448,0,NOUN_AUX,18
448,0,NOUN_NOUN,17
448,0,NOUN_ADP,17
448,0,AUX_VERB,17
449,0,DET_NOUN,32
449,0,AUX_VERB,20
449,0,NOUN_ADP,18
449,0,PRON_AUX,18
449,0,VERB_DET,15
450,0,DET_NOUN,35
450,0,ADP_DET,18
450,0,AUX_VERB,18
450,0,PRON_AUX,15
450,0,NOUN_AUX,13
451,1,ADJ_NOUN,21
451,1,NOUN_ADP,20
451,1,NOUN_NOUN,19
451,1,DET_NOUN,15
451,1,NOUN_PRON,14
452,0,DET_NOUN,13
452,0,ADJ_NOUN,12
452,0,PRON_VERB,11
452,0,PRON_AUX,10
452,0,NOUN_ADP,10
453,1,ADJ_NOUN,19
453,1,NOUN_ADP,18
453,1,ADP_NOUN,12
453,1,DET_NOUN,11
453,1,PROPN_PROPN,11
454,0,DET_NOUN,45
454,0,ADJ_NOUN,28
454,0,NOUN_ADP,28
454,0,NOUN_AUX,22
454,0,DET_ADJ,20
455,1,ADJ_NOUN,38
455,1,NOUN_ADP,22
455,1,VERB_DET,15
455,1,NOUN_VERB,15
455,1,DET_ADJ,14
456,0,NOUN_ADP,25
456,0,ADJ_NOUN,24
456,0,ADP_DET,23
456,0,DET_NOUN,22
456,0,DET_ADJ,19
457,0,PRON_AUX,27
457,0,DET_NOUN,25
457,0,VERB_ADP,24
457,0,AUX_VERB,22
457,0,SCONJ_PRON,19
458,0,NOUN_ADP,30
458,0,NOUN_NOUN,23
458,0,ADJ_NOUN,22
458,0,DET_NOUN,17
458,0,ADP_NOUN,15
459,1,ADJ_NOUN,20
459,1,NOUN_ADP,11
459,1,NOUN_NOUN,10
459,1,NOUN_AUX,9
459,1,VERB_ADJ,8
460,0,DET_NOUN,21
460,0,PRON_AUX,16
460,0,NOUN_ADP,15
460,0,NOUN_PRON,14
460,0,ADJ_NOUN,13
461,1,DET_NOUN,20
461,1,NOUN_AUX,16
461,1,NOUN_CCONJ,11
461,1,CCONJ_NOUN,10
461,1,ADJ_NOUN,9
462,0,NOUN_ADP,20
462,0,DET_NOUN,19
462,0,ADJ_NOUN,17
462,0,ADP_NOUN,16
462,0,NOUN_CCONJ,14
463,1,ADJ_NOUN,26
463,1,NOUN_ADP,23
463,1,DET_NOUN,22
463,1,VERB_ADP,21
463,1,NOUN_CCONJ,21
464,0,NOUN_ADP,37
464,0,ADJ_NOUN,31
464,0,DET_NOUN,31
464,0,ADP_DET,26
464,0,ADP_NOUN,15
465,0,PART_VERB,16
465,0,DET_NOUN,15
465,0,NOUN_ADP,11
465,0,NOUN_AUX,11
465,0,ADP_DET,10
466,0,DET_NOUN,81
466,0,PRON_VERB,60
466,0,NOUN_PRON,51
466,0,VERB_PRON,41
466,0,PART_VERB,40
467,0,DET_NOUN,43
467,0,NOUN_ADP,29
467,0,AUX_VERB,24
467,0,VERB_ADP,20
467,0,ADP_DET,20
468,0,ADJ_NOUN,32
468,0,DET_NOUN,23
468,0,NOUN_ADP,20
468,0,NOUN_NOUN,19
468,0,NOUN_AUX,18
469,0,NOUN_ADP,48
469,0,DET_NOUN,38
469,0,ADP_DET,30
469,0,ADJ_NOUN,28
469,0,VERB_ADP,26
470,0,DET_NOUN,62
470,0,NOUN_ADP,49
470,0,ADJ_NOUN,43
470,0,NOUN_NOUN,34
470,0,VERB_DET,29
471,0,DET_NOUN,35
471,0,PRON_AUX,26
471,0,NOUN_VERB,22
471,0,PART_VERB,21
471,0,AUX_VERB,20
472,1,DET_NOUN,26
472,1,NOUN_ADP,19
472,1,ADP_DET,13
472,1,ADJ_NOUN,11
472,1,VERB_NOUN,10
473,1,ADJ_NOUN,27
473,1,NOUN_ADP,24
473,1,NOUN_NOUN,21
473,1,VERB_NOUN,15
473,1,NOUN_VERB,14
474,0,DET_NOUN,64
474,0,NOUN_ADP,49
474,0,ADJ_NOUN,43
474,0,ADP_DET,40
474,0,VERB_DET,37
475,0,NOUN_ADP,18
475,0,NOUN_NOUN,17
475,0,DET_NOUN,16
475,0,ADJ_NOUN,14
475,0,ADP_NOUN,13
476,0,PART_VERB,27
476,0,DET_NOUN,18
476,0,ADJ_NOUN,16
476,0,PRON_VERB,14
476,0,VERB_DET,14
477,0,ADJ_NOUN,25
477,0,DET_NOUN,22
477,0,PRON_AUX,21
477,0,DET_ADJ,18
477,0,NOUN_VERB,13
478,0,DET_NOUN,24
478,0,PRON_AUX,21
478,0,AUX_VERB,19
478,0,VERB_NOUN,17
478,0,NOUN_ADP,16
479,0,DET_NOUN,41
479,0,ADP_DET,26
479,0,VERB_ADP,23
479,0,PRON_AUX,23
479,0,NOUN_ADP,20
480,0,DET_NOUN,25
480,0,NOUN_ADP,22
480,0,VERB_NOUN,20
480,0,ADJ_NOUN,19
480,0,NOUN_CCONJ,17
481,0,ADJ_NOUN,18
481,0,DET_NOUN,17
481,0,PRON_AUX,13
481,0,DET_ADJ,12
481,0,ADP_NOUN,11
482,1,PRON_AUX,8
482,1,AUX_AUX,7
482,1,ADP_NOUN,7
482,1,PART_VERB,6
482,1,AUX_ADJ,6
483,1,NOUN_ADP,22
483,1,ADJ_NOUN,16
483,1,DET_NOUN,16
483,1,ADP_NOUN,14
483,1,ADP_DET,11
484,1,ADJ_NOUN,13
484,1,DET_NOUN,10
484,1,NOUN_ADP,7
484,1,ADP_DET,7
484,1,NOUN_CCONJ,6
485,1,DET_NOUN,21
485,1,NOUN_ADP,20
485,1,VERB_ADP,19
485,1,ADJ_NOUN,19
485,1,ADP_DET,17
486,0,VERB_PRON,36
486,0,PRON_VERB,35
486,0,ADJ_NOUN,16
486,0,NOUN_PRON,13
486,0,PRON_PRON,13
487,0,VERB_PRON,42
487,0,PRON_VERB,38
487,0,ADJ_NOUN,35
487,0,DET_NOUN,32
487,0,PRON_AUX,32
488,0,DET_NOUN,26
488,0,AUX_VERB,16
488,0,NOUN_ADP,15
488,0,PRON_AUX,15
488,0,ADP_DET,14
489,0,DET_NOUN,20
489,0,PRON_AUX,16
489,0,VERB_PRON,12
489,0,ADJ_NOUN,10
489,0,PRON_VERB,10
490,1,NOUN_ADP,34
490,1,DET_NOUN,32
490,1,ADJ_NOUN,24
490,1,ADP_DET,17
490,1,NOUN_AUX,15
491,0,DET_NOUN,32
491,0,ADJ_NOUN,28
491,0,VERB_PRON,28
491,0,PART_VERB,27
491,0,VERB_ADP,27
492,0,NOUN_ADP,33
492,0,ADJ_NOUN,31
492,0,DET_NOUN,26
492,0,NOUN_NOUN,26
492,0,ADP_DET,22
493,0,ADJ_NOUN,43
493,0,DET_NOUN,42
493,0,NOUN_ADP,40
493,0,NOUN_NOUN,37
493,0,VERB_NOUN,24
494,1,NOUN_NOUN,25
494,1,NOUN_ADP,18
494,1,NOUN_VERB,15
494,1,DET_NOUN,14
494,1,VERB_NOUN,14
495,0,DET_NOUN,20
495,0,ADJ_NOUN,9
495,0,PRON_VERB,9
495,0,NOUN_AUX,8
495,0,NOUN_VERB,8
496,0,DET_NOUN,52
496,0,NOUN_ADP,40
496,0,ADJ_NOUN,35
496,0,NOUN_AUX,31
496,0,VERB_DET,28
497,1,AUX_VERB,17
497,1,ADJ_NOUN,17
497,1,DET_NOUN,15
497,1,NOUN_ADP,15
497,1,ADP_NOUN,13
498,1,ADJ_NOUN,30
498,1,NOUN_ADP,18
498,1,NOUN_NOUN,14
498,1,VERB_NOUN,14
498,1,DET_NOUN,13
499,0,DET_NOUN,39
499,0,NOUN_ADP,37
499,0,ADP_DET,35
499,0,ADJ_NOUN,33
499,0,PART_VERB,19
500,1,DET_NOUN,11
500,1,PRON_AUX,9
500,1,VERB_PRON,7
500,1,PART_VERB,7
500,1,VERB_DET,6
501,0,DET_NOUN,9
501,0,NOUN_ADP,8
501,0,VERB_ADP,8
501,0,ADJ_NOUN,7
501,0,NOUN_AUX,7
502,0,DET_NOUN,43
502,0,VERB_ADP,29
502,0,PART_VERB,29
502,0,ADP_DET,26
502,0,NOUN_NOUN,24
503,0,DET_NOUN,39
503,0,NOUN_ADP,25
503,0,ADP_DET,18
503,0,ADJ_NOUN,17
503,0,VERB_PRON,14
504,0,ADP_NOUN,34
504,0,NOUN_ADP,28
504,0,PRON_AUX,26
504,0,VERB_ADP,24
504,0,DET_NOUN,24
505,0,DET_NOUN,24
505,0,NOUN_ADP,16
505,0,NOUN_VERB,12
505,0,SCONJ_PRON,11
505,0,PRON_AUX,11
506,0,PART_VERB,19
506,0,AUX_VERB,16
506,0,DET_NOUN,15
506,0,PRON_AUX,15
506,0,VERB_PRON,14
507,1,DET_NOUN,26
507,1,ADP_DET,20
507,1,NOUN_ADP,19
507,1,ADJ_NOUN,16
507,1,NOUN_CCONJ,12
508,0,ADJ_NOUN,36
508,0,DET_NOUN,24
508,0,DET_ADJ,22
508,0,NOUN_ADP,21
508,0,PART_VERB,21
509,0,DET_NOUN,69
509,0,ADP_DET,39
509,0,NOUN_ADP,37
509,0,VERB_ADP,31
509,0,ADJ_NOUN,25
510,1,NOUN_ADP,52
510,1,ADJ_NOUN,49
510,1,DET_NOUN,41
510,1,VERB_DET,29
510,1,ADP_DET,24
511,1,ADJ_NOUN,22
511,1,NOUN_ADP,14
511,1,ADP_NOUN,12
511,1,NOUN_AUX,10
511,1,DET_ADJ,8
512,0,PRON_AUX,27
512,0,VERB_ADP,21
512,0,SCONJ_PRON,21
512,0,PRON_VERB,21
512,0,ADJ_NOUN,20
513,1,DET_NOUN,14
513,1,NOUN_VERB,9
513,1,ADJ_NOUN,8
513,1,NOUN_AUX,7
513,1,PART_VERB,7
514,0,NOUN_ADP,27
514,0,ADP_NOUN,21
514,0,NOUN_NOUN,20
514,0,DET_NOUN,18
514,0,ADJ_NOUN,18
515,0,DET_NOUN,36
515,0,PRON_VERB,28
515,0,PRON_AUX,27
515,0,NOUN_ADP,26
515,0,ADJ_NOUN,25
516,0,DET_NOUN,37
516,0,NOUN_ADP,27
516,0,NOUN_NOUN,22
516,0,ADJ_NOUN,21
516,0,VERB_DET,17
517,0,PRON_AUX,23
517,0,DET_NOUN,23
517,0,AUX_VERB,13
517,0,PRON_VERB,11
517,0,VERB_PRON,10
518,0,DET_NOUN,27
518,0,NOUN_ADP,21
518,0,ADJ_NOUN,20
518,0,ADP_NOUN,14
518,0,AUX_VERB,13
519,1,NOUN_NOUN,35
519,1,NOUN_ADP,33
519,1,ADJ_NOUN,30
519,1,ADP_NOUN,20
519,1,VERB_NOUN,19
520,1,ADJ_NOUN,17
520,1,NOUN_ADP,16
520,1,AUX_VERB,12
520,1,DET_NOUN,10
520,1,NOUN_AUX,10
521,0,DET_NOUN,21
521,0,NOUN_ADP,12
521,0,ADP_DET,11
521,0,VERB_PRON,10
521,0,VERB_DET,8
522,0,DET_NOUN,60
522,0,NOUN_ADP,52
522,0,ADP_NOUN,34
522,0,NOUN_AUX,26
522,0,ADP_DET,26
523,1,ADJ_NOUN,17
523,1,NOUN_AUX,15
523,1,AUX_VERB,10
523,1,PART_VERB,8
523,1,VERB_ADJ,8
524,0,DET_NOUN,24
524,0,ADJ_NOUN,24
524,0,NOUN_ADP,21
524,0,ADP_DET,20
524,0,DET_ADJ,18
525,0,DET_NOUN,23
525,0,PRON_VERB,19
525,0,VERB_PRON,19
525,0,ADJ_NOUN,18
525,0,SCONJ_PRON,17
526,1,PRON_AUX,15
526,1,ADJ_NOUN,14
526,1,NOUN_PRON,13
526,1,ADP_DET,11
526,1,VERB_ADP,11
527,0,PRON_VERB,13
527,0,DET_NOUN,10
527,0,ADJ_NOUN,7
527,0,PRON_AUX,7
527,0,VERB_DET,7
528,1,VERB_ADP,11
528,1,ADJ_NOUN,11
528,1,ADV_VERB,10
528,1,PRON_AUX,9
528,1,AUX_ADV,8
529,0,DET_NOUN,56
529,0,ADJ_NOUN,36
529,0,NOUN_ADP,35
529,0,ADP_DET,34
529,0,VERB_ADP,21
530,1,NOUN_ADP,21
530,1,NOUN_NOUN,21
530,1,ADP_NOUN,20
530,1,ADJ_NOUN,18
530,1,DET_NOUN,10
531,0,DET_NOUN,14
531,0,ADJ_NOUN,10
531,0,PRON_VERB,9
531,0,PART_VERB,9
531,0,NOUN_NOUN,8
532,0,DET_NOUN,29
532,0,PRON_VERB,17
532,0,ADP_DET,15
532,0,NOUN_AUX,14
532,0,ADJ_NOUN,13
533,0,NOUN_NOUN,18
533,0,ADJ_NOUN,17
533,0,NOUN_ADP,16
533,0,PRON_AUX,16
533,0,ADP_NOUN,13
534,1,NOUN_ADP,39
534,1,NOUN_NOUN,39
534,1,VERB_NOUN,29
534,1,ADJ_NOUN,27
534,1,DET_NOUN,21
535,1,VERB_NOUN,33
535,1,NOUN_ADP,25
535,1,NOUN_CCONJ,24
535,1,ADJ_NOUN,22
535,1,PART_VERB,21
536,0,NOUN_ADP,32
536,0,DET_NOUN,27
536,0,ADJ_NOUN,25
536,0,NOUN_CCONJ,22
536,0,ADP_NOUN,22
537,0,DET_NOUN,26
537,0,NOUN_ADP,24
537,0,ADJ_NOUN,23
537,0,ADP_DET,22
537,0,DET_ADJ,15
538,0,DET_NOUN,28
538,0,PRON_AUX,21
538,0,NOUN_AUX,20
538,0,AUX_VERB,18
538,0,NOUN_PRON,15
539,0,PRON_AUX,18
539,0,ADJ_NOUN,16
539,0,AUX_VERB,15
539,0,VERB_PRON,15
539,0,PRON_VERB,14
540,0,DET_NOUN,48
540,0,NOUN_AUX,33
540,0,ADJ_NOUN,24
540,0,ADP_DET,21
540,0,AUX_VERB,21
541,0,DET_NOUN,21
541,0,ADJ_NOUN,15
541,0,NOUN_NOUN,14
541,0,PROPN_PROPN,13
541,0,NOUN_ADP,13
542,0,DET_NOUN,87
542,0,NOUN_ADP,68
542,0,ADJ_NOUN,48
542,0,ADP_DET,45
542,0,VERB_ADP,35
543,1,NOUN_NOUN,30
543,1,DET_NOUN,28
543,1,NOUN_ADP,26
543,1,ADJ_NOUN,21
543,1,NOUN_CCONJ,21
544,1,VERB_ADP,15
544,1,DET_NOUN,14
544,1,ADP_DET,13
544,1,PRON_AUX,10
544,1,AUX_ADV,10
545,0,PRON_AUX,37
545,0,VERB_PRON,25
545,0,PRON_VERB,24
545,0,ADJ_NOUN,24
545,0,SCONJ_PRON,23
546,0,DET_NOUN,20
546,0,PRON_AUX,18
546,0,VERB_PRON,17
546,0,PART_VERB,14
546,0,AUX_VERB,12
547,0,PRON_AUX,10
547,0,NOUN_ADP,9
547,0,DET_ADJ,9
547,0,ADJ_NOUN,9
547,0,DET_NOUN,8
548,1,NOUN_ADP,27
548,1,VERB_NOUN,25
548,1,ADJ_NOUN,24
548,1,NOUN_NOUN,18
548,1,NOUN_VERB,16
549,1,DET_NOUN,22
549,1,ADJ_NOUN,20
549,1,NOUN_ADP,17
549,1,NOUN_CCONJ,16
549,1,NOUN_AUX,13
550,0,SCONJ_PRON,15
550,0,PRON_VERB,15
550,0,PRON_ADJ,10
550,0,DET_NOUN,9
550,0,PRON_AUX,9
551,1,ADJ_NOUN,14
551,1,PRON_AUX,13
551,1,PART_VERB,11
551,1,VERB_PRON,10
551,1,AUX_VERB,10
552,0,PRON_AUX,20
552,0,DET_NOUN,18
552,0,NOUN_ADP,17
552,0,SCONJ_PRON,17
552,0,PART_VERB,15
553,0,NOUN_ADP,40
553,0,DET_NOUN,38
553,0,ADJ_NOUN,29
553,0,ADP_NOUN,26
553,0,NOUN_NOUN,23
554,0,DET_NOUN,27
554,0,ADJ_NOUN,16
554,0,ADP_NOUN,14
554,0,NOUN_ADP,12
554,0,NOUN_AUX,12
555,0,ADJ_NOUN,19
555,0,AUX_VERB,16
555,0,ADP_NOUN,14
555,0,NOUN_ADP,13
555,0,PRON_AUX,12
556,0,DET_NOUN,47
556,0,NOUN_ADP,36
556,0,ADJ_NOUN,30
556,0,VERB_ADP,29
556,0,ADP_NOUN,27
557,0,NOUN_ADP,21
557,0,ADJ_NOUN,21
557,0,DET_NOUN,16
557,0,PRON_VERB,15
557,0,ADP_NOUN,13
558,0,PRON_AUX,25
558,0,DET_NOUN,24
558,0,ADJ_NOUN,21
558,0,NOUN_PRON,21
558,0,AUX_VERB,21
559,1,ADJ_NOUN,29
559,1,NOUN_ADP,25
559,1,NOUN_NOUN,24
559,1,DET_NOUN,16
559,1,NOUN_VERB,15
560,1,NOUN_ADP,18
560,1,ADJ_NOUN,16
560,1,VERB_NOUN,12
560,1,DET_NOUN,11
560,1,VERB_ADP,11
561,0,DET_NOUN,13
561,0,ADJ_NOUN,12
561,0,DET_ADJ,9
561,0,VERB_DET,7
561,0,NOUN_ADP,7
562,1,ADJ_NOUN,17
562,1,NOUN_ADP,14
562,1,CCONJ_VERB,10
562,1,VERB_NOUN,10
562,1,NOUN_VERB,10
563,0,DET_NOUN,43
563,0,NOUN_ADP,35
563,0,ADP_DET,23
563,0,ADJ_NOUN,23
563,0,VERB_DET,22
564,1,ADJ_NOUN,16
564,1,NOUN_ADP,15
564,1,DET_NOUN,14
564,1,AUX_VERB,14
564,1,VERB_NOUN,13
565,0,NOUN_ADP,37
565,0,DET_NOUN,33
565,0,ADJ_NOUN,22
565,0,ADP_DET,21
565,0,NOUN_NOUN,15
566,0,DET_NOUN,59
566,0,AUX_VERB,35
566,0,PRON_AUX,28
566,0,NOUN_AUX,27
566,0,VERB_DET,26
567,1,ADJ_NOUN,27
567,1,NOUN_VERB,19
567,1,NOUN_ADP,18
567,1,NOUN_NOUN,17
567,1,VERB_ADP,16
568,1,ADJ_NOUN,28
568,1,NOUN_ADP,22
568,1,NOUN_NOUN,19
568,1,NOUN_VERB,17
568,1,ADP_NOUN,17
569,0,ADJ_NOUN,16
569,0,NOUN_NOUN,11
569,0,ADP_NOUN,10
569,0,PRON_AUX,9
569,0,PART_VERB,8
570,0,DET_NOUN,37
570,0,ADP_DET,34
570,0,NOUN_ADP,33
570,0,ADJ_NOUN,30
570,0,PRON_AUX,21
571,0,NOUN_VERB,25
571,0,ADJ_NOUN,24
571,0,VERB_NOUN,18
571,0,PRON_VERB,16
571,0,VERB_PRON,14
572,1,ADJ_NOUN,38
572,1,NOUN_ADP,37
572,1,ADP_DET,25
572,1,DET_NOUN,24
572,1,NOUN_VERB,21
573,1,ADJ_NOUN,32
573,1,NOUN_ADP,25
573,1,VERB_NOUN,17
573,1,ADP_NOUN,13
573,1,NOUN_NOUN,13
574,0,DET_NOUN,33
574,0,VERB_ADP,26
574,0,PRON_AUX,23
574,0,PART_VERB,22
574,0,NOUN_ADP,19
575,0,DET_NOUN,23
575,0,NOUN_ADP,18
575,0,ADJ_NOUN,18
575,0,NOUN_NOUN,17
575,0,VERB_DET,14
576,0,PRON_AUX,13
576,0,ADJ_NOUN,11
576,0,PRON_VERB,9
576,0,AUX_ADV,8
576,0,DET_ADJ,8
577,0,DET_NOUN,41
577,0,ADP_DET,32
577,0,NOUN_ADP,30
577,0,PRON_VERB,21
577,0,VERB_DET,19
578,0,DET_NOUN,27
578,0,NOUN_ADP,18
578,0,ADP_DET,17
578,0,NOUN_NOUN,13
578,0,NOUN_AUX,13
579,0,PRON_AUX,21
579,0,DET_NOUN,20
579,0,VERB_ADP,15
579,0,ADP_NOUN,14
579,0,AUX_VERB,14
580,1,NOUN_ADP,27
580,1,ADP_NOUN,20
580,1,DET_NOUN,19
580,1,VERB_DET,14
580,1,NOUN_NOUN,14
581,0,NOUN_ADP,53
581,0,DET_NOUN,38
581,0,ADP_NOUN,34
581,0,ADJ_NOUN,31
581,0,ADP_DET,23
582,1,AUX_VERB,10
582,1,NOUN_AUX,8
582,1,ADP_NOUN,8
582,1,ADJ_NOUN,8
582,1,DET_NOUN,8
583,1,DET_NOUN,20
583,1,NOUN_ADP,19
583,1,ADJ_NOUN,12
583,1,NOUN_CCONJ,12
583,1,AUX_VERB,11
584,0,VERB_PRON,19
584,0,PRON_AUX,16
584,0,PRON_VERB,14
584,0,PART_VERB,9
584,0,DET_NOUN,7
585,0,DET_NOUN,24
585,0,NOUN_ADP,16
585,0,NOUN_AUX,15
585,0,ADP_DET,14
585,0,VERB_DET,12
586,1,ADJ_NOUN,33
586,1,NOUN_ADP,20
586,1,VERB_ADJ,18
586,1,NOUN_NOUN,13
586,1,NOUN_VERB,12
587,0,PART_VERB,27
587,0,NOUN_ADP,25
587,0,VERB_NOUN,23
587,0,PRON_AUX,21
587,0,ADP_NOUN,20
588,0,NOUN_ADP,30
588,0,DET_NOUN,29
588,0,ADJ_NOUN,23
588,0,ADP_NOUN,17
588,0,ADP_DET,14
589,1,NOUN_NOUN,25
589,1,NOUN_ADP,22
589,1,ADJ_NOUN,18
589,1,ADP_NOUN,15
589,1,NOUN_CCONJ,14
590,1,DET_NOUN,8
590,1,PRON_VERB,7
590,1,VERB_DET,5
590,1,NOUN_PRON,5
590,1,PRON_AUX,5
591,1,PART_VERB,6
591,1,ADJ_NOUN,5
591,1,AUX_ADJ,4
591,1,NOUN_ADP,4
591,1,PRON_VERB,4
592,0,DET_NOUN,47
592,0,NOUN_ADP,37
592,0,ADJ_NOUN,26
592,0,ADP_DET,26
592,0,VERB_DET,23
593,0,DET_NOUN,31
593,0,ADJ_NOUN,19
593,0,AUX_VERB,19
593,0,PRON_AUX,19
593,0,NOUN_ADP,18
594,0,PRON_VERB,25
594,0,ADJ_NOUN,22
594,0,NOUN_ADP,19
594,0,PRON_AUX,17
594,0,VERB_PRON,17
595,1,NOUN_ADP,17
595,1,ADJ_NOUN,16
595,1,PART_VERB,16
595,1,NOUN_NOUN,15
595,1,DET_NOUN,15
596,0,PRON_VERB,16
596,0,VERB_PRON,12
596,0,AUX_VERB,11
596,0,SCONJ_PRON,11
596,0,DET_ADJ,10
597,0,NOUN_ADP,47
597,0,DET_NOUN,43
597,0,ADJ_NOUN,31
597,0,ADP_NOUN,27
597,0,VERB_DET,24
598,0,ADJ_NOUN,21
598,0,NOUN_ADP,19
598,0,DET_NOUN,14
598,0,DET_ADJ,13
598,0,PRON_AUX,10
599,0,DET_NOUN,17
599,0,NOUN_ADP,16
599,0,ADP_DET,11
599,0,NOUN_AUX,8
599,0,ADJ_NOUN,7
600,0,DET_NOUN,42
600,0,NOUN_ADP,37
600,0,ADJ_NOUN,27
600,0,NOUN_NOUN,21
600,0,NOUN_AUX,20
601,1,PART_VERB,6
601,1,VERB_ADP,6
601,1,PRON_VERB,5
601,1,VERB_SCONJ,5
601,1,NOUN_AUX,5
602,1,ADJ_NOUN,22
602,1,NOUN_ADP,18
602,1,ADP_NOUN,14
602,1,VERB_NOUN,10
602,1,NOUN_VERB,10
603,1,ADJ_NOUN,6
603,1,VERB_ADP,5
603,1,NOUN_ADP,5
603,1,DET_NOUN,4
603,1,NOUN_NOUN,4
604,0,PRON_AUX,23
604,0,DET_NOUN,16
604,0,PART_VERB,16
604,0,PRON_VERB,15
604,0,VERB_PRON,15
605,0,DET_NOUN,25
605,0,NOUN_AUX,14
605,0,NOUN_ADP,12
605,0,PART_VERB,11
605,0,ADJ_NOUN,10
606,1,ADJ_NOUN,43
606,1,NOUN_ADP,36
606,1,ADP_DET,32
606,1,DET_NOUN,31
606,1,DET_ADJ,24
607,1,ADJ_NOUN,32
607,1,NOUN_ADP,26
607,1,NOUN_NOUN,14
607,1,ADP_NOUN,12
607,1,VERB_ADP,12
608,1,NOUN_ADP,50
608,1,ADJ_NOUN,41
608,1,DET_NOUN,32
608,1,ADP_DET,30
608,1,VERB_DET,21
609,0,AUX_VERB,31
609,0,DET_NOUN,31
609,0,NOUN_AUX,24
609,0,ADJ_NOUN,21
609,0,NOUN_ADP,19
610,1,ADJ_NOUN,30
610,1,ADP_NOUN,14
610,1,NOUN_ADP,14
610,1,DET_NOUN,13
610,1,VERB_ADP,13
611,1,DET_NOUN,27
611,1,NOUN_ADP,23
611,1,PART_VERB,22
611,1,ADJ_NOUN,20
611,1,VERB_DET,20
612,0,DET_NOUN,16
612,0,PART_VERB,13
612,0,NOUN_NOUN,9
612,0,NOUN_CCONJ,9
612,0,VERB_PRON,9
613,0,DET_NOUN,29
613,0,ADJ_NOUN,17
613,0,ADP_DET,16
613,0,NOUN_ADP,14
613,0,NOUN_AUX,13
614,1,ADJ_NOUN,72
614,1,NOUN_ADP,38
614,1,NOUN_NOUN,30
614,1,NOUN_VERB,25
614,1,NOUN_ADJ,23
615,1,ADJ_NOUN,22
615,1,NOUN_ADP,17
615,1,DET_NOUN,13
615,1,NOUN_CCONJ,10
615,1,DET_ADJ,9
616,0,DET_NOUN,26
616,0,ADP_DET,15
616,0,ADJ_NOUN,15
616,0,NOUN_AUX,14
616,0,VERB_ADP,14
617,0,PRON_AUX,62
617,0,NOUN_ADP,49
617,0,PRON_VERB,48
617,0,DET_NOUN,48
617,0,ADJ_NOUN,47
618,1,ADJ_NOUN,18
618,1,NOUN_ADP,14
618,1,DET_NOUN,13
618,1,ADP_DET,10
618,1,PRON_VERB,9
619,0,DET_NOUN,20
619,0,ADJ_NOUN,19
619,0,VERB_ADP,17
619,0,PRON_VERB,16
619,0,NOUN_ADP,15
620,0,DET_NOUN,38
620,0,ADJ_NOUN,32
620,0,ADP_DET,27
620,0,DET_ADJ,23
620,0,NOUN_ADP,22
621,0,NOUN_NOUN,23
621,0,DET_NOUN,20
621,0,NOUN_ADP,18
621,0,NOUN_VERB,13
621,0,VERB_DET,13
622,0,DET_NOUN,22
622,0,NOUN_ADP,19
622,0,ADJ_NOUN,18
622,0,VERB_DET,14
622,0,PRON_VERB,14
623,1,ADJ_NOUN,26
623,1,NOUN_ADP,24
623,1,ADP_NOUN,19
623,1,NOUN_NOUN,19
623,1,NOUN_VERB,18
624,1,ADJ_NOUN,29
624,1,NOUN_ADP,25
624,1,VERB_NOUN,17
624,1,ADP_NOUN,16
624,1,ADP_ADJ,13
625,1,ADJ_NOUN,25
625,1,NOUN_ADP,21
625,1,ADP_NOUN,17
625,1,DET_NOUN,16
625,1,NOUN_VERB,13
626,1,DET_NOUN,14
626,1,PRON_AUX,13
626,1,PART_VERB,12
626,1,VERB_NOUN,11
626,1,NOUN_ADP,10
627,1,ADJ_NOUN,39
627,1,NOUN_ADP,16
627,1,DET_ADJ,15
627,1,NOUN_VERB,15
627,1,NOUN_PRON,11
628,0,DET_NOUN,16
628,0,ADP_DET,15
628,0,ADJ_NOUN,11
628,0,VERB_PRON,9
628,0,DET_ADJ,9
629,0,DET_NOUN,11
629,0,NOUN_ADP,10
629,0,ADJ_NOUN,10
629,0,ADP_NOUN,9
629,0,NOUN_AUX,9
630,0,DET_NOUN,90
630,0,NOUN_ADP,51
630,0,ADP_DET,46
630,0,PART_VERB,33
630,0,ADJ_NOUN,31
631,1,NOUN_ADP,54
631,1,ADJ_NOUN,49
631,1,DET_NOUN,43
631,1,ADP_DET,30
631,1,VERB_DET,29
632,1,ADJ_NOUN,41
632,1,NOUN_ADP,40
632,1,NOUN_NOUN,24
632,1,DET_NOUN,23
632,1,ADP_NOUN,19
633,1,ADJ_NOUN,19
633,1,NOUN_ADP,14
633,1,NOUN_AUX,8
633,1,AUX_VERB,8
633,1,ADP_NOUN,7
634,0,NOUN_ADP,33
634,0,ADJ_NOUN,31
634,0,NOUN_NOUN,31
634,0,DET_NOUN,28
634,0,NOUN_AUX,18
635,1,NOUN_ADP,21
635,1,DET_NOUN,16
635,1,ADP_DET,13
635,1,ADP_NOUN,13
635,1,ADJ_NOUN,12
636,1,ADJ_NOUN,27
636,1,NOUN_ADP,23
636,1,ADP_NOUN,15
636,1,ADP_ADJ,14
636,1,NOUN_NOUN,13
637,0,VERB_PRON,37
637,0,DET_NOUN,37
637,0,PRON_VERB,34
637,0,PRON_AUX,33
637,0,VERB_ADP,25
638,0,VERB_PRON,17
638,0,PART_VERB,16
638,0,DET_NOUN,15
638,0,AUX_VERB,14
638,0,PRON_AUX,13
639,0,ADJ_NOUN,24
639,0,NOUN_NOUN,24
639,0,DET_NOUN,18
639,0,NOUN_ADP,17
639,0,AUX_VERB,17
640,0,NOUN_ADP,14
640,0,DET_NOUN,13
640,0,ADP_NOUN,12
640,0,NOUN_SCONJ,12
640,0,SCONJ_VERB,9
641,0,DET_NOUN,24
641,0,NOUN_AUX,11
641,0,NOUN_ADP,10
641,0,ADJ_NOUN,9
641,0,NOUN_VERB,7
642,0,DET_NOUN,21
642,0,VERB_ADP,17
642,0,PRON_VERB,17
642,0,VERB_PRON,13
642,0,PART_VERB,12
643,1,PART_VERB,21
643,1,PRON_AUX,10
643,1,VERB_SCONJ,9
643,1,NOUN_AUX,9
643,1,AUX_ADJ,9
644,0,DET_NOUN,26
644,0,NOUN_NOUN,23
644,0,ADJ_NOUN,21
644,0,NOUN_ADP,20
644,0,ADP_NOUN,17
645,0,PRON_VERB,22
645,0,VERB_PRON,13
645,0,VERB_ADP,12
645,0,NOUN_PRON,10
645,0,AUX_VERB,10
646,0,ADJ_NOUN,31
646,0,DET_NOUN,24
646,0,ADP_DET,22
646,0,DET_ADJ,21
646,0,PRON_VERB,21
647,0,DET_NOUN,34
647,0,VERB_ADP,31
647,0,ADJ_NOUN,27
647,0,NOUN_ADP,21
647,0,PRON_AUX,19
648,0,PRON_AUX,27
648,0,PRON_VERB,22
648,0,DET_NOUN,19
648,0,VERB_PRON,18
648,0,SCONJ_PRON,17
649,0,ADJ_NOUN,21
649,0,NOUN_PRON,16
649,0,PRON_AUX,16
649,0,NOUN_ADP,14
649,0,DET_ADJ,13
650,0,DET_NOUN,24
650,0,ADJ_NOUN,18
650,0,NOUN_ADP,18
650,0,VERB_ADP,15
650,0,PRON_VERB,14
651,1,ADJ_NOUN,40
651,1,NOUN_ADP,20
651,1,NOUN_NOUN,18
651,1,NOUN_CCONJ,18
651,1,VERB_ADP,15
652,0,ADJ_NOUN,39
652,0,DET_NOUN,34
652,0,PRON_AUX,31
652,0,NOUN_ADP,27
652,0,NOUN_AUX,22
653,1,PART_VERB,5
653,1,ADP_NOUN,5
653,1,NOUN_ADP,5
653,1,DET_NOUN,4
653,1,VERB_ADP,4
654,0,PRON_AUX,46
654,0,ADV_VERB,31
654,0,SCONJ_PRON,26
654,0,ADJ_NOUN,26
654,0,VERB_PRON,25
655,1,ADJ_NOUN,31
655,1,NOUN_ADP,28
655,1,ADP_NOUN,19
655,1,DET_NOUN,11
655,1,VERB_ADJ,11
656,0,DET_NOUN,15
656,0,NOUN_ADP,14
656,0,AUX_VERB,13
656,0,NOUN_NOUN,12
656,0,ADP_DET,12
657,0,VERB_PRON,22
657,0,PRON_AUX,19
657,0,PRON_NOUN,16
657,0,PRON_VERB,15
657,0,PART_VERB,15
658,1,ADJ_NOUN,29
658,1,NOUN_ADP,19
658,1,PROPN_PROPN,17
658,1,NOUN_NOUN,15
658,1,VERB_ADP,12
659,1,NOUN_ADP,42
659,1,ADJ_NOUN,42
659,1,DET_NOUN,34
659,1,DET_ADJ,26
659,1,VERB_DET,25
660,0,DET_NOUN,25
660,0,NOUN_ADP,22
660,0,ADJ_NOUN,21
660,0,ADP_DET,18
660,0,DET_ADJ,13
661,0,ADJ_NOUN,25
661,0,NOUN_ADP,25
661,0,AUX_VERB,25
661,0,PRON_VERB,24
661,0,ADP_DET,22
662,1,ADJ_NOUN,19
662,1,NOUN_CCONJ,12
662,1,DET_ADJ,10
662,1,PRON_VERB,9
662,1,NOUN_ADP,9
663,0,DET_NOUN,29
663,0,ADJ_NOUN,20
663,0,NOUN_NOUN,16
663,0,DET_ADJ,15
663,0,VERB_DET,14
664,1,ADJ_NOUN,19
664,1,NOUN_NOUN,17
664,1,NOUN_CCONJ,16
664,1,CCONJ_NOUN,12
664,1,NOUN_AUX,12
665,0,PRON_AUX,35
665,0,DET_NOUN,28
665,0,ADJ_NOUN,28
665,0,SCONJ_PRON,26
665,0,VERB_PRON,26
666,0,DET_NOUN,36
666,0,ADP_DET,25
666,0,NOUN_PRON,15
666,0,VERB_ADP,14
666,0,PRON_VERB,13
667,1,AUX_VERB,4
667,1,NOUN_ADP,3
667,1,ADJ_NOUN,3
667,1,VERB_ADP,3
667,1,NOUN_NOUN,3
668,0,PRON_VERB,38
668,0,VERB_PRON,30
668,0,NOUN_PRON,26
668,0,ADJ_NOUN,24
668,0,PART_VERB,22
669,0,NOUN_ADP,13
669,0,DET_NOUN,11
669,0,PART_VERB,11
669,0,ADP_NOUN,8
669,0,VERB_DET,6
670,0,DET_NOUN,28
670,0,NOUN_ADP,28
670,0,ADJ_NOUN,26
670,0,ADP_DET,22
670,0,DET_ADJ,17
671,1,NOUN_ADP,22
671,1,ADJ_NOUN,22
671,1,NOUN_NOUN,21
671,1,NOUN_VERB,15
671,1,VERB_NOUN,14
672,0,NOUN_NOUN,23
672,0,NOUN_ADP,15
672,0,ADP_NOUN,14
672,0,ADJ_NOUN,13
672,0,NOUN_AUX,11
673,1,ADP_NOUN,16
673,1,ADJ_NOUN,15
673,1,NOUN_ADP,15
673,1,NOUN_CCONJ,14
673,1,PART_VERB,13
674,1,DET_NOUN,37
674,1,NOUN_ADP,19
674,1,ADP_DET,18
674,1,NOUN_CCONJ,15
674,1,NOUN_PRON,14
675,0,DET_NOUN,28
675,0,PRON_AUX,14
675,0,ADP_DET,13
675,0,NOUN_PRON,11
675,0,PRON_VERB,10
676,0,DET_NOUN,50
676,0,ADJ_NOUN,47
676,0,NOUN_ADP,39
676,0,PRON_VERB,35
676,0,ADP_DET,34
677,0,DET_NOUN,33
677,0,NOUN_ADP,20
677,0,NOUN_AUX,20
677,0,AUX_VERB,20
677,0,ADJ_NOUN,19
678,0,DET_NOUN,16
678,0,NOUN_ADP,13
678,0,ADP_NOUN,8
678,0,ADP_DET,8
678,0,NOUN_AUX,7
679,1,NOUN_ADP,31
679,1,ADP_NOUN,22
679,1,ADJ_NOUN,21
679,1,NOUN_NOUN,16
679,1,DET_NOUN,15
680,1,ADJ_NOUN,13
680,1,PART_VERB,12
680,1,ADV_ADJ,11
680,1,PRON_AUX,10
680,1,AUX_PART,8
681,0,ADJ_NOUN,13
681,0,NOUN_ADP,12
681,0,DET_NOUN,11
681,0,VERB_ADP,9
681,0,NOUN_NOUN,8
682,1,NOUN_ADP,39
682,1,NOUN_NOUN,39
682,1,ADJ_NOUN,38
682,1,ADP_NOUN,28
682,1,VERB_NOUN,27
683,0,DET_NOUN,24
683,0,VERB_PRON,18
683,0,NOUN_ADP,18
683,0,AUX_VERB,17
683,0,ADP_DET,17
684,0,ADJ_NOUN,22
684,0,DET_ADJ,14
684,0,PRON_AUX,12
684,0,SCONJ_PRON,11
684,0,AUX_DET,10
685,0,NOUN_NOUN,40
685,0,DET_NOUN,33
685,0,ADP_NOUN,22
685,0,NOUN_AUX,22
685,0,PRON_AUX,20
686,1,ADJ_NOUN,48
686,1,NOUN_CCONJ,28
686,1,NOUN_ADP,28
686,1,CCONJ_NOUN,23
686,1,DET_NOUN,23
687,0,DET_NOUN,32
687,0,NOUN_ADP,29
687,0,ADJ_NOUN,23
687,0,PRON_VERB,20
687,0,VERB_DET,20
688,1,DET_NOUN,33
688,1,ADP_DET,16
688,1,NOUN_PRON,14
688,1,VERB_DET,13
688,1,AUX_VERB,13
689,0,DET_NOUN,61
689,0,ADP_DET,38
689,0,NOUN_ADP,35
689,0,PRON_AUX,34
689,0,NOUN_CCONJ,33
690,1,ADJ_NOUN,28
690,1,DET_NOUN,28
690,1,NOUN_ADP,19
690,1,AUX_VERB,18
690,1,PRON_AUX,18
691,0,NOUN_ADP,35
691,0,PART_VERB,30
691,0,PRON_VERB,29
691,0,VERB_NOUN,28
691,0,DET_NOUN,28
692,0,DET_NOUN,16
692,0,NOUN_AUX,8
692,0,AUX_VERB,8
692,0,PRON_VERB,7
692,0,ADP_DET,5
693,1,ADJ_NOUN,31
693,1,NOUN_ADP,30
693,1,ADP_NOUN,17
693,1,NOUN_NOUN,13
693,1,DET_NOUN,11
694,0,DET_NOUN,25
694,0,NOUN_ADP,20
694,0,ADJ_NOUN,17
694,0,NOUN_NOUN,16
694,0,VERB_ADP,15
695,0,PRON_AUX,36
695,0,PRON_VERB,32
695,0,VERB_PRON,29
695,0,DET_NOUN,25
695,0,SCONJ_PRON,24
696,1,ADJ_NOUN,27
696,1,DET_NOUN,11
696,1,SCONJ_ADJ,11
696,1,NOUN_VERB,11
696,1,ADV_ADJ,11
697,0,DET_NOUN,39
697,0,PART_VERB,30
697,0,NOUN_ADP,23
697,0,ADP_NOUN,22
697,0,ADJ_NOUN,18
698,0,DET_NOUN,45
698,0,ADP_DET,33
698,0,NOUN_ADP,31
698,0,ADJ_NOUN,22
698,0,NOUN_NOUN,21
699,1,ADJ_NOUN,23
699,1,DET_NOUN,14
699,1,PART_VERB,13
699,1,NOUN_ADP,13
699,1,NOUN_PART,9
